Year Make Model,Nickname,Ordinal,Year,Make,Model,Car Division,Spec,PI,Class
1969 Toyota 2000GT,Toyota 2000 '69,247,1969,Toyota,2000GT,Sport Coupe Icons,Factory,265,E
1962 Ferrari 250 GTO,Ferrari 250 GTO,249,1962,Ferrari,250 GTO,Vintage Le Mans Sportscars,Factory,560,B
1954 Mercedes-Benz 300 SL Coupé,MB 300 SL '54,251,1954,Mercedes-Benz,300 SL Coupé,Sport Coupe Icons,Factory,291,E
1994 Ferrari F355 Berlinetta,Ferrari F355,253,1994,Ferrari,F355 Berlinetta,Sport GT Icons,Factory,568,B
1992 Ferrari 512 TR,Ferrari 512 '92,255,1992,Ferrari,512 TR,Exotic GT Classics,Factory,533,B
2002 Ferrari 575M Maranello,Ferrari 575M '02,257,2002,Ferrari,575M Maranello,Exotic GT Classics,Factory,585,B
1973 Porsche 911 Carrera RS,P. 911 RS '73,260,1973,Porsche,911 Carrera RS,Vintage Sport Compact,Factory,371,D
1995 Porsche 911 GT2,P. 911 GT2 '95,261,1995,Porsche,911 GT2,Sport GT Icons,Factory,640,A
2004 Porsche 911 GT3,P. 911 GT3 '04,262,2004,Porsche,911 GT3,Sport GT Icons,Factory,611,A
2007 Porsche 911 GT3,P. 911 GT3 '07,263,2007,Porsche,911 GT3,Sport GT Icons,Factory,657,A
1982 Porsche 911 Turbo 3.3,P. 911 Turbo '82,265,1982,Porsche,911 Turbo 3.3,Sport GT Icons,Factory,448,C
1970 Porsche 914/6,P. 914/6 '70,266,1970,Porsche,914/6,Vintage Sport Compact,Factory,265,E
1989 Porsche 944 Turbo,P. 944 Turbo '89,268,1989,Porsche,944 Turbo,Sport Touring Classics,Factory,429,C
1987 Porsche 959,P. 959 '87,269,1987,Porsche,959,Exotic GT Classics,Factory,687,A
2006 Vauxhall Astra VXR,Vaux Astra '06,278,2006,Vauxhall,Astra VXR,Modern Hot Hatch,Factory,386,D
2004 Mercedes-Benz C 32 AMG,MB C 32 '04,286,2004,Mercedes-Benz,C 32 AMG,Sport Touring Classics,Factory,470,C
2002 Chevrolet Camaro 35th Anniversary Super Sport,Chev. Camaro '02,287,2002,Chevrolet,Camaro 35th Anniversary Super Sport,Sport Touring Classics,Factory,499,C
1969 Chevrolet Camaro Super Sport Coupe,Chev. Camaro '69,289,1969,Chevrolet,Camaro Super Sport Coupe,Vintage Muscle,Factory,333,D
1990 Vauxhall Lotus Carlton,Vaux Carlton '90,291,1990,Vauxhall,Lotus Carlton,Sport Touring Classics,Factory,499,C
2003 Porsche Carrera GT,P.CarreraGT '03,292,2003,Porsche,Carrera GT,Exotic GT Classics,Factory,750,S
2003 Toyota Celica Sport Specialty II,Toyota Celica 03,295,2003,Toyota,Celica Sport Specialty II,Early Sport Compact,Factory,329,D
2003 Ferrari 360 Challenge Stradale,Ferrari 360 CC,297,2003,Ferrari,360 Challenge Stradale,Sport GT Icons,Factory,644,A
1970 Chevrolet Chevelle Super Sport 454,Chev Chevelle 70,299,1970,Chevrolet,Chevelle Super Sport 454,Street Drag Racers,Factory,383,D
2004 Honda Civic Type R,Honda Civic '04,302,2004,Honda,Civic Type R,Modern Hot Hatch,Factory,379,D
1965 Shelby Cobra 427 S/C,Shelby Cobra 427,306,1965,Shelby,Cobra 427 S/C,Vintage Le Mans Sportscars,Factory,543,B
1995 Volkswagen Corrado VR6,VW Corrado '95,309,1995,Volkswagen,Corrado VR6,Hot Hatch Icons,Factory,340,D
1967 Chevrolet Corvette Stingray 427,Chev. C3 427 '67,312,1967,Chevrolet,Corvette Stingray 427,Vintage Muscle,Factory,405,C
2002 Chevrolet Corvette Z06,Chev. C4 Z06 '02,314,2002,Chevrolet,Corvette Z06,Sport GT Icons,Factory,599,B
1970 Chevrolet Corvette ZR-1,Chev. ZR-1 '70,315,1970,Chevrolet,Corvette ZR-1,Vintage Muscle,Factory,386,D
1988 Lamborghini Countach LP5000 QV,L. Countach '88,316,1988,Lamborghini,Countach LP5000 QV,Exotic GT Classics,Factory,588,B
1991 Honda CR-X SiR,Honda CR-X '91,320,1991,Honda,CR-X SiR,Hot Hatch Icons,Factory,305,D
1992 Lancia Delta HF Integrale EVO,Lancia Delta '92,323,1992,Lancia,Delta HF Integrale EVO,Hot Hatch Icons,Factory,309,D
1999 Lamborghini Diablo GTR,L. Diablo GTR 99,324,1999,Lamborghini,Diablo GTR,Early Factory Racecars,Factory,748,S
1997 Lamborghini Diablo SV,L. Diablo SV '97,325,1997,Lamborghini,Diablo SV,Exotic GT Classics,Factory,653,A
1969 Ferrari Dino 246 GT,Ferrari Dino 246,326,1969,Ferrari,Dino 246 GT,Vintage Exotic GT,Factory,311,D
1995 Mitsubishi Eclipse GSX,Mit. Eclipse '95,327,1995,Mitsubishi,Eclipse GSX,Early Sport Compact,Factory,352,D
1971 Lotus Elan Sprint,Lotus Elan '71,330,1971,Lotus,Elan Sprint,Vintage Sport Compact,Factory,272,E
2002 Ferrari Enzo Ferrari,Ferrari Enzo '02,333,2002,Ferrari,Enzo Ferrari,Exotic GT Classics,Factory,787,S
2002 Lotus Esprit V8,Lotus Esprit '02,335,2002,Lotus,Esprit V8,Sport GT Icons,Factory,579,B
1961 Jaguar E-type,Jag. E-Type,336,1961,Jaguar,E-type,Vintage Le Mans Sportscars,Factory,304,D
1997 McLaren F1 GT,McL. F1 GT '97,338,1997,McLaren,F1 GT,Early Factory Racecars,Factory,787,S
1987 Ferrari F40,Ferrari F40 '87,340,1987,Ferrari,F40,Exotic GT Classics,Factory,699,A
1995 Ferrari F50,Ferrari F50 '95,342,1995,Ferrari,F50,Exotic GT Classics,Factory,683,A
1969 Nissan Fairlady Z 432,Nissan Z 432 '69,343,1969,Nissan,Fairlady Z 432,Vintage Sport Compact,Factory,277,E
2003 Nissan Fairlady Z,Nissan Z '03,344,2003,Nissan,Fairlady Z,Early Sport Compact,Factory,424,C
1994 Nissan Fairlady Z Version S Twin Turbo,Nissan Z '94,345,1994,Nissan,Fairlady Z Version S Twin Turbo,Sport GT Icons,Factory,398,D
2005 Ford Ford GT,Ford GT '05,348,2005,Ford,Ford GT,Modern Sport GT,Factory,642,A
1998 Mitsubishi FTO GP Version R,Mit. FTO '98,349,1998,Mitsubishi,FTO GP Version R,Early Sport Compact,Factory,355,D
2003 Infiniti G35 Coupe,Infiniti G35 '03,350,2003,Infiniti,G35 Coupe,Sport Touring Classics,Factory,415,C
1992 Volkswagen Golf Gti 16v Mk2,VW GTI Mk2 '92,353,1992,Volkswagen,Golf Gti 16v Mk2,Hot Hatch Icons,Factory,286,E
2003 Volkswagen Golf R32 ,VW Golf R32 '03,354,2003,Volkswagen,Golf R32 ,Modern Hot Hatch,Factory,395,D
1997 Mitsubishi GTO,Mit. GTO '97,357,1997,Mitsubishi,GTO,Early Sport Compact,Factory,451,C
1984 Ferrari 288 GTO,Ferrari 288 GTO,358,1984,Ferrari,288 GTO,Sport GT Icons,Factory,569,B
1998 SUBARU Impreza 22B-STi Version,SUBARU 22B '98,363,1998,SUBARU,Impreza 22B-STi Version,Early Sport Compact,Factory,511,B
2004 SUBARU IMPREZA WRX STI,SUBARU WRX '04,364,2004,SUBARU,IMPREZA WRX STI,Early Sport Compact,Factory,490,C
2005 SUBARU IMPREZA WRX STi,SUBARU WRX '05,365,2005,SUBARU,IMPREZA WRX STi,Modern Sport Compact,Factory,503,B
2001 Acura Integra Type R,Acura ITR '01,368,2001,Acura,Integra Type R,Early Sport Compact,Factory,338,D
2006 Mitsubishi Lancer Evolution IX MR,Mit. Evo IX '06,374,2006,Mitsubishi,Lancer Evolution IX MR,Modern Sport Compact,Factory,490,C
1999 Mitsubishi Lancer Evolution VI GSR,Mit. Evo VI '99,375,1999,Mitsubishi,Lancer Evolution VI GSR,Early Sport Compact,Factory,496,C
2004 Mitsubishi Lancer Evolution VIII MR,Mit. Evo VIII 04,378,2004,Mitsubishi,Lancer Evolution VIII MR,Early Sport Compact,Factory,496,C
1997 BMW M3,BMW M3 '97,382,1997,BMW,M3,Sport Touring Classics,Factory,485,C
2005 BMW M3,BMW M3 '05,383,2005,BMW,M3,Sport Touring Classics,Factory,504,B
2004 Maserati MC12,Mas. MC12 '04,391,2004,Maserati,MC12,Exotic GT Classics,Factory,759,S
2005 Vauxhall Monaro VXR,Vauxhall Monaro,397,2005,Vauxhall,Monaro VXR,Modern Muscle,Factory,696,B
1995 Toyota MR2 GT,Toyota MR2 '95,398,1995,Toyota,MR2 GT,Early Sport Compact,Factory,375,D
2000 Ford SVT Cobra R,Ford Cobra R '00,405,2000,Ford,SVT Cobra R,Sport Touring Classics,Factory,533,B
2005 Honda NSX-R,Honda NSX-R '05,411,2005,Honda,NSX-R,Sport GT Icons,Factory,524,B
1992 Honda NSX-R,Honda NSX-R '92,412,1992,Honda,NSX-R,Sport GT Icons,Factory,502,B
1970 Buick GSX,Buick GSX '70,417,1970,Buick,GSX,Street Drag Racers,Factory,377,D
2006 Audi RS 4,Audi RS 4 '06,419,2006,Audi,RS 4,Sport Touring Classics,Factory,564,B
2003 Audi RS 6,Audi RS 6 '03,420,2003,Audi,RS 6,Sport Touring Classics,Factory,537,B
2002 Acura RSX Type-S,Acura RSX,422,2002,Acura,RSX Type-S,Retro Hot Hatch,Factory,585,C
1990 Mazda Savanna RX-7,Mazda RX-7 '90,423,1990,Mazda,Savanna RX-7,Early Sport Compact,Factory,334,D
1997 Mazda RX-7,Mazda RX-7 '97,424,1997,Mazda,RX-7,Early Sport Compact,Factory,462,C
2002 Mazda RX-7 Spirit R Type-A,Mazda RX-7 '02,425,2002,Mazda,RX-7 Spirit R Type-A,Early Sport Compact,Factory,519,B
2004 Audi S4,Audi S4 '04,428,2004,Audi,S4,Sport Touring Classics,Factory,467,C
2004 Saleen S7,Saleen S7 '04,432,2004,Saleen,S7,Exotic GT Classics,Factory,753,S
2005 TVR Sagaris,TVR Sagaris,433,2005,TVR,Sagaris,Retro Sports Cars,Factory,779,A
1992 Nissan Silvia CLUB K's,Nissan Silvia 92,439,1992,Nissan,Silvia CLUB K's,Early Sport Compact,Factory,339,D
1994 Nissan Silvia K's,Nissan Silvia 94,440,1994,Nissan,Silvia K's,Early Sport Compact,Factory,381,D
2000 Nissan Silvia Spec-R,Nissan Silvia 0,441,2000,Nissan,Silvia Spec-R,Early Sport Compact,Factory,399,D
1993 Nissan Skyline GT-R V-Spec,Nissan GT-R '93,444,1993,Nissan,Skyline GT-R V-Spec,Sport GT Icons,Factory,505,B
2002 Nissan Skyline GT-R V-Spec II,Nissan GT-R '02,445,2002,Nissan,Skyline GT-R V-Spec II,Sport GT Icons,Factory,535,B
2003 Renault Sport Clio V6,Ren. Clio '03,453,2003,Renault,Sport Clio V6,Modern Hot Hatch,Factory,384,D
1985 Toyota Sprinter Trueno GT Apex,Toyota AE86 '85,455,1985,Toyota,Sprinter Trueno GT Apex,Hot Hatch Icons,Factory,270,E
1996 Dodge Stealth R/T Turbo,Dodge Stealth 96,457,1996,Dodge,Stealth R/T Turbo,Early Sport Compact,Factory,449,C
1992 Toyota Supra 2.0 GT,Toyota Supra '92,460,1992,Toyota,Supra 2.0 GT,Early Sport Compact,Factory,327,D
1998 Toyota Supra RZ,Toyota Supra '98,461,1998,Toyota,Supra RZ,Sport GT Icons,Factory,470,C
1998 Eagle Talon TSi Turbo,Eagle Talon,462,1998,Eagle,Talon TSi Turbo,Early Sport Compact,Factory,320,D
2001 Aston Martin V12 Vanquish,AM Vanquish '01,479,2001,Aston Martin,V12 Vanquish,Exotic GT Classics,Factory,542,B
1999 Dodge Viper GTS ACR,Dodge Viper '99,483,1999,Dodge,Viper GTS ACR,Sport GT Icons,Factory,602,A
1993 Jaguar XJ220,Jag. XJ220 '93,489,1993,Jaguar,XJ220,Exotic GT Classics,Factory,700,A
2003 Bentley #7 Team Bentley Speed 8,Bentley #7 Spd 8,498,2003,Bentley,#7 Team Bentley Speed 8,Early LMP,Race,941,P
1999 BMW #15 BMW Motorsport V12 LMR,BMW #15 V12 LMR,505,1999,BMW,#15 BMW Motorsport V12 LMR,Early LMP,Race,953,P
1969 Dodge Charger R/T,Dodge Charger 69,513,1969,Dodge,Charger R/T,Vintage Muscle,Factory,376,D
1998 Ferrari #12 Risi Competizione F333 SP,Ferrari #12 F333,524,1998,Ferrari,#12 Risi Competizione F333 SP,Early LMP,Race,935,P
1987 Porsche #17 Porsche AG 962c,Porsche #17 962C,540,1987,Porsche,#17 Porsche AG 962c,GTP/C,Race,971,P
1993 Peugeot #3 Peugeot Talbot Sport 905 EVO 1C,Peugeot #3 905C,550,1993,Peugeot,#3 Peugeot Talbot Sport 905 EVO 1C,GTP/C,Race,973,P
1999 Toyota #3 Toyota Motorsports GT-ONE TS020,Toyota #3 TS020,555,1999,Toyota,#3 Toyota Motorsports GT-ONE TS020,Early LMP,Race,943,P
2002 BMW M3-GTR,BMW M3 '02,565,2002,BMW,M3-GTR,Sport Touring Classics,Factory,571,B
1998 Nissan R390 (GT1),Nissan R390 '98,567,1998,Nissan,R390 (GT1),Exotic GT Classics,Factory,796,S
1998 Mercedes-Benz AMG CLK GTR,MB CLK GTR '98,568,1998,Mercedes-Benz,AMG CLK GTR,Early Factory Racecars,Factory,759,S
1984 Audi Sport quattro,Audi quattro '84,633,1984,Audi,Sport quattro,Sport Touring Classics,Factory,464,C
1980 Renault 5 Turbo,Ren. 5 Turbo '80,634,1980,Renault,5 Turbo,Hot Hatch Icons,Factory,316,D
1967 Lamborghini Miura P400,L. Miura '67,637,1967,Lamborghini,Miura P400,Vintage Exotic GT,Factory,402,C
1970 Dodge Challenger R/T,D. Challenger 70,639,1970,Dodge,Challenger R/T,Street Drag Racers,Factory,395,D
1997 Porsche 911 GT1 Strassenversion,P. 911 GT1 '97,641,1997,Porsche,911 GT1 Strassenversion,Early Factory Racecars,Factory,773,S
1991 BMW M3,BMW M3 '91,642,1991,BMW,M3,Sport Touring Classics,Factory,357,D
1973 Pontiac Firebird Trans Am SD-455,Pontiac T/A '73,1005,1973,Pontiac,Firebird Trans Am SD-455,Vintage Muscle,Factory,358,D
2008 Mitsubishi Lancer Evolution X GSR,Mit. Evo X '08,1009,2008,Mitsubishi,Lancer Evolution X GSR,Modern Sport Compact,Factory,496,C
2008 BMW M3,BMW M3 '08,1011,2008,BMW,M3,Modern Sport Touring,Factory,545,B
1996 Ferrari F50 GT,Ferrari F50 GT,1020,1996,Ferrari,F50 GT,Early Factory Racecars,Race,913,P
2007 Ferrari 430 Scuderia,Ferrari 430 S,1022,2007,Ferrari,430 Scuderia,Modern Sport GT,Factory,707,S
1989 Ferrari F40 Competizione,Ferrari F40 Comp,1023,1989,Ferrari,F40 Competizione,Early Factory Racecars,Race,874,R
2007 Alfa Romeo 8C Competizione,Alfa Romeo 8C,1032,2007,Alfa Romeo,8C Competizione,GT Cars,Factory,755,A
1990 Chevrolet Camaro IROC-Z,Chev. Camaro '90,1033,1990,Chevrolet,Camaro IROC-Z,Sport Touring Classics,Factory,367,D
1994 Toyota Celica GT-Four ST205,Toyota Celica 94,1034,1994,Toyota,Celica GT-Four ST205,Early Sport Compact,Factory,368,D
1981 BMW M1,BMW M1 '81,1040,1981,BMW,M1,Sport GT Icons,Factory,416,C
1993 Ford SVT Cobra R,Ford Cobra R '93,1041,1993,Ford,SVT Cobra R,Sport Touring Classics,Factory,374,D
1971 Nissan Skyline 2000GT-R,Nissan GT-R '71,1042,1971,Nissan,Skyline 2000GT-R,Vintage Sport Compact,Factory,279,E
1997 Nissan Skyline GT-R V-Spec,Nissan GT-R '97,1043,1997,Nissan,Skyline GT-R V-Spec,Sport GT Icons,Factory,485,C
1987 Pontiac Firebird Trans Am GTA,Pontiac T/A '87,1045,1987,Pontiac,Firebird Trans Am GTA,Sport Touring Classics,Factory,319,D
2008 Dodge Viper SRT10 ACR,Dodge Viper '08,1046,2008,Dodge,Viper SRT10 ACR,Modern Sport GT,Factory,737,S
2008 BMW Z4 M Coupe,BMW Z4 '08,1059,2008,BMW,Z4 M Coupe,Modern Sports Cars,Factory,694,B
2008 SUBARU IMPREZA WRX STI,SUBARU WRX '08,1060,2008,SUBARU,IMPREZA WRX STI,Modern Sport Compact,Factory,476,C
1969 Dodge Charger Daytona HEMI,Charger Daytona,1063,1969,Dodge,Charger Daytona HEMI,Vintage Muscle,Factory,392,D
1979 Chevrolet Camaro Z28,Chevy Camaro '79,1064,1979,Chevrolet,Camaro Z28,Classic Muscle,Factory,466,D
2002 Pontiac Firebird Trans Am Ram Air,Pontiac T/A '02,1065,2002,Pontiac,Firebird Trans Am Ram Air,Sport Touring Classics,Factory,444,C
2009 Chevrolet Corvette ZR1,Chev. C6 ZR1 '09,1069,2009,Chevrolet,Corvette ZR1,Modern Sport GT,Factory,707,S
2008 Aston Martin DBS,AM DBS '08,1081,2008,Aston Martin,DBS,Modern Sport GT,Factory,603,A
2009 Ford Focus RS,Ford Focus '09,1086,2009,Ford,Focus RS,Modern Hot Hatch,Factory,485,C
2009 Mercedes-Benz SL 65 AMG Black Series,MB SL 65 '09,1090,2009,Mercedes-Benz,SL 65 AMG Black Series,Modern Sport GT,Factory,684,A
1960 Chevrolet Corvette,Corvette '60,1093,1960,Chevrolet,Corvette,Classic Sports Cars,Factory,541,C
1970 Datsun 510,Datsun 510 '70,1104,1970,Datsun,510,Vintage Sport Compact,Factory,223,E
1964 Aston Martin DB5,AM DB5 '64,1105,1964,Aston Martin,DB5,Sport Coupe Icons,Factory,282,E
1994 Mazda MX-5 Miata,Mazda MX-5 '94,1110,1994,Mazda,MX-5 Miata,Early Sport Compact,Factory,287,E
2010 Audi R8 Coupé 5.2 FSI quattro,Audi R8 5.2,1117,2010,Audi,R8 Coupé 5.2 FSI quattro,Modern Sport GT,Factory,680,A
1980 Abarth Fiat 131,Abarth 131,1124,1980,Abarth,Fiat 131,Classic Rally,Factory,510,C
2008 Lamborghini Revénton,Lambo Revénton,1125,2008,Lamborghini,Revénton,Modern Exotic GT,Factory,719,S
2009 BMW M5,BMW M5 '09,1126,2009,BMW,M5,Modern Sport Touring,Factory,719,A
2011 McLaren 12C Coupe,McLaren 12C,1130,2011,McLaren,12C Coupe,Modern Super Cars,Factory,854,S1
2009 Ferrari 458 Italia,Ferrari 458,1131,2009,Ferrari,458 Italia,Modern Sport GT,Factory,727,S
1965 Alfa Romeo Giulia Sprint GTA Stradale,AR GTA '65,1150,1965,Alfa Romeo,Giulia Sprint GTA Stradale,Vintage Sport Compact,Factory,263,E
1957 Ferrari 250 Testa Rossa,Ferrari 250 TR,1154,1957,Ferrari,250 Testa Rossa,Vintage Le Mans Sportscars,Factory,559,B
1965 Shelby Cobra Daytona Coupe,Shelby Daytona,1155,1965,Shelby,Cobra Daytona Coupe,Vintage Le Mans Sportscars,Factory,619,A
2010 Ferrari 599XX,Ferrari 599XX,1171,2010,Ferrari,599XX,Modern Factory Racecars,Race,836,R
2010 Lamborghini Murciélago LP 670-4 SV,Lambo Murcielago,1173,2010,Lamborghini,Murciélago LP 670-4 SV,Modern Exotic GT,Factory,755,S
2010 Aston Martin One-77,AM One-77,1181,2010,Aston Martin,One-77,Super GT,Factory,843,S1
2009 Audi RS 6,Audi RS 6 '09,1184,2009,Audi,RS 6,Super Saloons,Factory,722,A
2011 Mercedes-Benz SLS AMG,MB SLS AMG '11,1202,2011,Mercedes-Benz,SLS AMG,Modern Sport GT,Factory,688,A
2011 Audi RS 3 Sportback,Audi RS 3 '11,1216,2011,Audi,RS 3 Sportback,Modern Hot Hatch,Factory,470,C
2010 BMW M6 Coupé,BMW M6 '10,1217,2010,BMW,M6 Coupé,Sport Luxury,Factory,594,B
1992 Bugatti EB110 Super Sport,Bugatti EB110 92,1219,1992,Bugatti,EB110 Super Sport,Exotic GT Classics,Factory,697,A
2010 Audi TT RS Coupe,Audi TT RS,1220,2010,Audi,TT RS Coupe,Modern Sports Cars,Factory,707,A
2008 Mazda Furai,Mazda Furai,1229,2008,Mazda,Furai,Modern Factory Racecars,Factory,931,P
2010 Volkswagen Golf R,VW Golf '10,1231,2010,Volkswagen,Golf R,Super Hot Hatch,Factory,645,B
2010 Lexus LFA,Lexus LFA '10,1260,2010,Lexus,LFA,Modern Sport GT,Factory,697,A
1971 AMC Javelin AMX,AMC Javelin '71,1267,1971,AMC,Javelin AMX,Vintage Muscle,Factory,357,D
2002 BMW Z3 M Coupé,BMW Z3 '02,1268,2002,BMW,Z3 M Coupé,Early Sport Compact,Factory,520,B
1973 BMW 2002 Turbo,BMW 2002 '73,1269,1973,BMW,2002 Turbo,Vintage Sport Compact,Factory,298,E
1992 Ford Escort RS Cosworth,Ford Escort '92,1272,1992,Ford,Escort RS Cosworth,Hot Hatch Icons,Factory,421,C
1997 Honda Civic Type R,Honda Civic '97,1273,1997,Honda,Civic Type R,Hot Hatch Icons,Factory,348,D
1971 Plymouth Cuda 426 HEMI,Plymouth Cuda 71,1277,1971,Plymouth,Cuda 426 HEMI,Vintage Muscle,Factory,377,D
1973 Ford XB Falcon GT,Ford Falcon '73,1278,1973,Ford,XB Falcon GT,Vintage Muscle,Factory,337,D
1970 Mercury Cougar Eliminator,Mercury Cougar,1280,1970,Mercury,Cougar Eliminator,Vintage Muscle,Factory,369,D
1955 Porsche 550 Spyder,P. 550 S '55,1281,1955,Porsche,550 Spyder,Sport Coupe Icons,Factory,271,E
1993 Nissan 240SX SE,Nissan 240SX '93,1282,1993,Nissan,240SX SE,Early Sport Compact,Factory,284,E
1986 BMW M635 CSi,,1290,1986,BMW,M635 CSi,Sport Touring Classics,Factory,,D
1970 Chevrolet El Camino Super Sport 454,Chevy El Camino,1291,1970,Chevrolet,El Camino Super Sport 454,Vans & Utility,Factory,544,C
1986 Dodge Shelby Omni GLHS,Dodge Shelby '86,1292,1986,Dodge,Shelby Omni GLHS,Hot Hatch Icons,Factory,306,D
1987 Ford Sierra Cosworth RS500,Ford Sierra '87,1293,1987,Ford,Sierra Cosworth RS500,Sport Touring Classics,Factory,395,D
1990 Mercedes-Benz 190E 2.5-16 Evolution II,MB 190E '90,1296,1990,Mercedes-Benz,190E 2.5-16 Evolution II,Sport Touring Classics,Factory,400,D
1983 Volvo 242 Turbo Evolution,Volvo 242 Turbo,1299,1983,Volvo,242 Turbo Evolution,Classic Rally,Factory,548,C
1964 Chevrolet Impala Super Sport 409,Chevy Impala,1300,1964,Chevrolet,Impala Super Sport 409,Rods and Customs,Factory,544,C
1956 Jaguar D-Type,Jag. D-Type,1301,1956,Jaguar,D-Type,Vintage Le Mans Sportscars,Race,493,C
1977 Ford Escort RS1800,Ford Escort '77,1302,1977,Ford,Escort RS1800,Vintage Sport Compact,Factory,267,E
2005 Dodge SRT-4 ACR,Dodge SRT-4 '05,1306,2005,Dodge,SRT-4 ACR,Early Sport Compact,Factory,429,C
1969 Pontiac GTO Judge,Pontiac GTO '69,1309,1969,Pontiac,GTO Judge,Street Drag Racers,Factory,349,D
1993 McLaren F1,McL. F1 '93,1314,1993,McLaren,F1,Exotic GT Classics,Factory,736,S
2010 Chevrolet #55 Level 5 Motorsports Oreca FLM09,Chev. #55 09,1317,2010,Chevrolet,#55 Level 5 Motorsports Oreca FLM09,Forza P2,Race,915,P
2011 Lamborghini Gallardo LP 570-4 Superleggera,L. Gallardo '11,1322,2011,Lamborghini,Gallardo LP 570-4 Superleggera,Modern Sport GT,Factory,731,S
2011 SUBARU WRX STI ,SUBARU WRX '11,1323,2011,SUBARU,WRX STI ,Modern Sport Compact,Factory,473,C
2011 Alfa Romeo Giulietta Quadrifoglio Verde,AR Giulietta 11,1325,2011,Alfa Romeo,Giulietta Quadrifoglio Verde,Modern Hot Hatch,Factory,387,D
2011 Bugatti Veyron Super Sport,Bugatti Veyron,1328,2011,Bugatti,Veyron Super Sport,Modern Hypercars,Factory,862,R
1987 Buick Regal GNX,Buick GNX '87,1329,1987,Buick,Regal GNX,Sport Touring Classics,Factory,421,C
1970 Chevrolet Camaro Z28,Chev. Camaro '70,1330,1970,Chevrolet,Camaro Z28,Vintage Muscle,Factory,353,D
1971 Plymouth GTX 426 HEMI,Plymouth GTX '71,1331,1971,Plymouth,GTX 426 HEMI,Street Drag Racers,Factory,373,D
1991 Mazda #55 Mazda 787B,Mazda #55 787B,1335,1991,Mazda,#55 Mazda 787B,GTP/C,Race,954,P
1969 Oldsmobile Hurst/Olds 442,Olds 442 '69,1336,1969,Oldsmobile,Hurst/Olds 442,Street Drag Racers,Factory,353,D
1969 Pontiac Firebird Trans Am,Pontiac T/A '69,1337,1969,Pontiac,Firebird Trans Am,Vintage Muscle,Factory,345,D
2011 Peugeot 308 GTI,Peugeot 308 '11,1348,2011,Peugeot,308 GTI,Modern Hot Hatch,Factory,302,D
2011 BMW X5 M,BMW X5 M,1350,2011,BMW,X5 M,Sports Utility Heroes,Factory,666,B
1970 Dodge Coronet Super Bee,Dodge Coronet 70,1352,1970,Dodge,Coronet Super Bee,Street Drag Racers,Factory,398,D
1966 Chevrolet Nova Super Sport,Chevy Nova '66,1354,1966,Chevrolet,Nova Super Sport,Classic Muscle,Factory,582,C
1965 Ford Mustang GT Coupe,Ford Mustang '65,1355,1965,Ford,Mustang GT Coupe,Vintage Muscle,Factory,338,D
2003 BMW M5,,1367,2003,BMW,M5,Sport Touring Classics,Factory,694,B
1988 BMW M5,BMW M5 '88,1368,1988,BMW,M5,Sport Touring Classics,Factory,366,D
2009 Pagani Zonda Cinque Roadster,Pagani Zonda C,1369,2009,Pagani,Zonda Cinque Roadster,Modern Hypercars,Factory,821,R
1995 Audi Avant RS 2,Audi RS2 '95,1370,1995,Audi,Avant RS 2,Sport Touring Classics,Factory,458,C
1930 Bentley 8 Litre,Bentley 8 Litre,1372,1930,Bentley,8 Litre,Rare Classics,Factory,181,D
1996 Chevrolet Impala Super Sport,Chevy Impala '96,1379,1996,Chevrolet,Impala Super Sport,Retro Muscle,Factory,509,C
1981 Volkswagen Scirocco S,VW Scirocco '81,1380,1981,Volkswagen,Scirocco S,Hot Hatch Icons,Factory,222,E
1992 Mitsubishi Galant VR-4,Mit. Galant '92,1381,1992,Mitsubishi,Galant VR-4,Early Sport Compact,Factory,341,D
1990 SUBARU LEGACY RS,SUBARU LEGACY 90,1382,1990,SUBARU,LEGACY RS,Early Sport Compact,Factory,323,D
1998 Volkswagen Gti VR6 Mk3,VW GTI Mk3 '98,1383,1998,Volkswagen,Gti VR6 Mk3,Hot Hatch Icons,Factory,302,D
2011 BMW 1 Series M Coupé,BMW 1M,1385,2011,BMW,1 Series M Coupé,Modern Sport Coupe,Factory,527,B
1958 Aston Martin DBR1,AM DBR1,1386,1958,Aston Martin,DBR1,Vintage Le Mans Sportscars,Factory,518,B
1997 Volvo 850 R,Volvo 850 R '97,1387,1997,Volvo,850 R,Sport Touring Classics,Factory,332,D
2012 BMW M5,BMW M5 '12,1388,2012,BMW,M5,Modern Sport Touring,Factory,626,A
2011 Lamborghini Sesto Elemento,Lambo Sesto,1392,2011,Lamborghini,Sesto Elemento,Modern Sport GT,Race,819,R
1992 Alfa Romeo 155 Q4 ,Alfa Romeo 155,1393,1992,Alfa Romeo,155 Q4 ,Retro Saloons,Factory,561,C
1989 Toyota MR2 SC,Toyota MR2 '89,1395,1989,Toyota,MR2 SC,Early Sport Compact,Factory,296,E
2011 HSV GTS,HSV GTS,1396,2011,HSV,GTS,Modern Sport Touring,Factory,503,B
2010 Mazda #16 Mazda Racing B09/86,Mazda #16 B09/86,1403,2010,Mazda,#16 Mazda Racing B09/86,Forza P2,Race,939,P
2011 Audi RS 5 Coupe,Audi RS 5,1417,2011,Audi,RS 5 Coupe,Super Saloons,Factory,733,A
1995 BMW M5,BMW M5 '95,1418,1995,BMW,M5,Retro Saloons,Factory,634,B
2011 Mazda RX-8 R3,Mazda RX-8 '11,1426,2011,Mazda,RX-8 R3,Modern Sport Compact,Factory,369,D
2012 Pagani Huayra,Pagani Huayra,1427,2012,Pagani,Huayra,Hypercars,Factory,900,S1
2011 Volkswagen Scirocco R,VW Scirocco '11,1428,2011,Volkswagen,Scirocco R,Hot Hatch,Factory,663,B
1969 Chevrolet Nova Super Sport 396,Chev. Nova '69,1429,1969,Chevrolet,Nova Super Sport 396,Street Drag Racers,Factory,354,D
1963 Volkswagen Beetle,VW Beetle,1435,1963,Volkswagen,Beetle,Cult Cars,Factory,100,D
2011 Ferrari #62 Risi Competizione F458 Italia GTC,#62 F458 GTC,1440,2011,Ferrari,#62 Risi Competizione F458 Italia GTC,Forza GT3,Race,805,R
2012 Ascari KZ1R,Ascari KZ1R,1451,2012,Ascari,KZ1R,Modern Supercars,Race,829,S1
1969 McLaren #4 McLaren Cars M8B,McLaren #4 M8B,1457,1969,McLaren,#4 McLaren Cars M8B,Prototype Group Racing,Race,860,R
1957 Chevrolet Bel Air,Chevy Bel Air,1459,1957,Chevrolet,Bel Air,Rods and Customs,Factory,432,D
1957 Maserati 300 S,Mas. 300 S,1462,1957,Maserati,300 S,Vintage Le Mans Sportscars,Factory,554,B
1986 Audi #2 Audi Sport quattro S1,#2 Audi S1,1478,1986,Audi,#2 Audi Sport quattro S1,Rally Monsters,Race,827,S1
1985 Mazda RX-7 GSL-SE,Mazda RX-7 '85,1480,1985,Mazda,RX-7 GSL-SE,Early Sport Compact,Factory,274,E
1965 Austin-Healey 3000 MkIII,Austin 3000 '65,1481,1965,Austin-Healey,3000 MkIII,Sport Coupe Icons,Factory,262,E
1973 AMC Gremlin X,AMC Gremlin,1482,1973,AMC,Gremlin X,Cult Cars,Factory,403,D
1966 Ford Lotus Cortina,Ford Cortina '66,1486,1966,Ford,Lotus Cortina,Vintage Sport Compact,Factory,248,E
1958 MG MGA Twin-Cam,MG MGA '58,1487,1958,MG,MGA Twin-Cam,Sport Coupe Icons,Factory,224,E
2012 Vauxhall Astra VXR,Vaux Astra '12,1490,2012,Vauxhall,Astra VXR,Modern Hot Hatch,Factory,447,C
1995 BMW 850CSi,BMW 850CSi '95,1493,1995,BMW,850CSi,Sport GT Icons,Factory,435,C
2012 Mercedes-Benz C 63 AMG Coupé Black Series,MB C 63 '12,1500,2012,Mercedes-Benz,C 63 AMG Coupé Black Series,Modern Sport Touring,Factory,619,A
1995 Ford SVT Cobra R,Ford Cobra R '95,"1,510",1995,Ford,SVT Cobra R,Sport Touring Classics,Factory,443,C
1968 Holden Monaro GTS 327,Holden Monaro 68,1511,1968,Holden,Monaro GTS 327,Street Drag Racers,Factory,282,E
1997 Maserati Ghibli Cup,Mas. Ghibli '97,1513,1997,Maserati,Ghibli Cup,Sport Touring Classics,Factory,475,C
1973 Mazda RX-3,Mazda RX-3 '73,1514,1973,Mazda,RX-3,Vintage Sport Compact,Factory,233,E
1992 Toyota Celica GT-Four RC ST185,Toyota Celica 92,1517,1992,Toyota,Celica GT-Four RC ST185,Early Sport Compact,Factory,339,D
1998 Aston Martin V8 Vantage V600,AM Vantage '98,1519,1998,Aston Martin,V8 Vantage V600,Sport GT Icons,Factory,560,B
1961 Maserati Tipo 61 Birdcage,Mas. Tipo 61,1524,1961,Maserati,Tipo 61 Birdcage,Vintage Le Mans Sportscars,Race,595,B
2012 Mercedes-Benz SLK 55 AMG,MB SLK 55 '12,1525,2012,Mercedes-Benz,SLK 55 AMG,Modern Sport Coupe,Factory,551,B
1977 Holden Torana A9X,Holden Torana 77,1533,1977,Holden,Torana A9X,Vintage Sport Compact,Factory,298,E
2013 Lexus GS350 F Sport,Lexus GS350 '13,1535,2013,Lexus,GS350 F Sport,Sport Luxury,Factory,459,C
1973 Alpine A110 1600s,Renault A110,1536,1973,Alpine,A110 1600s,Classic Rally,Factory,550,C
1974 Toyota Corolla SR5,Toyota Corolla74,1537,1974,Toyota,Corolla SR5,Vintage Sport Compact,Factory,181,E
2012 Porsche 911 GT2 RS,P. 911 GT2 RS 12,1539,2012,Porsche,911 GT2 RS,Modern Sport GT,Factory,774,S
1968 Alfa Romeo 33 Stradale,Alfa Romeo 33S,1549,1968,Alfa Romeo,33 Stradale,Classic Racers,Factory,707,A
1960 Aston Martin DB4 GT Zagato,AM DB4 GT,1550,1960,Aston Martin,DB4 GT Zagato,Vintage Le Mans Sportscars,Factory,353,D
1989 Aston Martin #18 Aston Martin AMR1,AM #18 AMR1,1551,1989,Aston Martin,#18 Aston Martin AMR1,GTP/C,Race,962,P
1966 Chaparral #66 Chaparral Cars 2E,Chaparral #66 2E,1553,1966,Chaparral,#66 Chaparral Cars 2E,Prototype Group Racing,Race,818,R
1955 Mercedes-Benz 300 SLR,MB 300 SLR,1559,1955,Mercedes-Benz,300 SLR,Vintage Le Mans Sportscars,Factory,533,B
1989 Mercedes-Benz #63 Sauber-Mercedes C 9,MB #63 C9,1560,1989,Mercedes-Benz,#63 Sauber-Mercedes C 9,GTP/C,Race,959,P
2013 SRT Viper GTS,SRT Viper '13,1562,2013,SRT,Viper GTS,Modern Sport GT,Factory,710,S
1953 Chevrolet Corvette,Corvette '53,1564,1953,Chevrolet,Corvette,Classic Sports Cars,Factory,366,D
"1970 AMC Rebel ""The Machine""",AMC Rebel '70,1572,1970,AMC,"Rebel ""The Machine""",Street Drag Racers,Factory,339,D
1989 Audi #4 Audi 90 quattro IMSA GTO,Audi #4 90 GTO,1573,1989,Audi,#4 Audi 90 quattro IMSA GTO,GTX Sportscars,Race,857,R
1958 Austin-Healey Sprite MkI,Sprite MKI,1574,1958,Austin-Healey,Sprite MkI,Classic Sports Cars,Factory,131,D
1988 Chevrolet Monte Carlo Super Sport,Chev. MC '88,1575,1988,Chevrolet,Monte Carlo Super Sport,Sport Touring Classics,Factory,255,E
1962 Ferrari 250 GT Berlinetta Lusso,Ferrari 250 GT,1578,1962,Ferrari,250 GT Berlinetta Lusso,Sport Coupe Icons,Factory,381,D
1973 Ford Escort RS1600,Ford Escort '73,1580,1973,Ford,Escort RS1600,Vintage Sport Compact,Factory,263,E
2012 Lamborghini Aventador J,L. Aventador '12,1583,2012,Lamborghini,Aventador J,Modern Exotic GT,Factory,777,S
1972 Mazda Cosmo 110S Series II,Mazda Cosmo '72,1587,1972,Mazda,Cosmo 110S Series II,Sport Coupe Icons,Factory,247,E
1966 MG MGB GT,MG MGB '66,1589,1966,MG,MGB GT,Vintage Sport Compact,Factory,226,E
1984 Peugeot 205 Turbo 16,Peugeot 205 '84,1591,1984,Peugeot,205 Turbo 16,Hot Hatch Icons,Factory,398,D
1974 Toyota Celica GT,Toyota Celica 74,1592,1974,Toyota,Celica GT,Vintage Sport Compact,Factory,227,E
2010 BMW M3 GTS,BMW M3 '10,1598,2010,BMW,M3 GTS,Modern Sport Touring,Factory,657,A
2012 Ferrari 599XX Evolution,Ferrari 599XX E,1599,2012,Ferrari,599XX Evolution,Modern Factory Racecars,Race,869,R
2013 Audi RS 4 Avant,Audi RS 4 '13,1607,2013,Audi,RS 4 Avant,Modern Sport Touring,Factory,591,B
1988 Volkswagen Scirocco 16v,VW Scirocco '88,1612,1988,Volkswagen,Scirocco 16v,Hot Hatch Icons,Factory,263,E
1969 FIAT Dino 2.4 Coupe,FIAT Dino,1615,1969,FIAT,Dino 2.4 Coupe,Classic Sports Cars,Factory,468,D
1967 Mercedes-Benz 280 SL,M-B 280 SL,1619,1967,Mercedes-Benz,280 SL,Rare Classics,Factory,448,D
2012 Dodge Challenger SRT8,D. Challenger 12,1620,2012,Dodge,Challenger SRT8,Modern Sport Touring,Factory,548,B
2013 Ariel Atom 500 V8,Ariel Atom '13,1651,2013,Ariel,Atom 500 V8,Track Toys,Factory,794,S
2013 Caterham Superlight R500,Caterham '13,1652,2013,Caterham,Superlight R500,Track Toys,Factory,669,A
2013 KTM X-Bow R,KTM X-Bow R '13,1653,2013,KTM,X-Bow R,Track Toys,Factory,685,A
2013 Ford Shelby GT500,Ford Mustang '13,1654,2013,Ford,Shelby GT500,Modern Sport Touring,Factory,639,A
2013 SUBARU BRZ,SUBARU BRZ '13,1655,2013,SUBARU,BRZ,Modern Sport Compact,Factory,354,D
2013 Mercedes-Benz A 45 AMG,MB A 45 '13,1658,2013,Mercedes-Benz,A 45 AMG,Modern Hot Hatch,Factory,529,B
1965 MINI Cooper S,MINI Cooper '65,1662,1965,MINI,Cooper S,Vintage Sport Compact,Factory,219,E
2012 Infiniti IPL G Coupe,Infiniti IPL '12,1663,2012,Infiniti,IPL G Coupe,Modern Sport Touring,Factory,442,C
2011 Citroën DS 3 Racing,Citroen DS 3 '11,1665,2011,Citroën,DS 3 Racing,Modern Hot Hatch,Factory,379,D
2013 McLaren P1,McL. P1 '13,1667,2013,McLaren,P1,Modern Exotic GT,Factory,862,R
1969 Ford Mustang Boss 302,Ford Mustang '69,1668,1969,Ford,Mustang Boss 302,Vintage Muscle,Factory,343,D
1988 McLaren #12 Honda McLaren MP4/4,#12 McLaren MP4,1670,1988,McLaren,#12 Honda McLaren MP4/4,Grand Prix Rivals,Race,999,X
1966 McLaren M2B,McLaren M2B,1671,1966,McLaren,M2B,Formula 60s,Race,725,S
1976 McLaren #11 Team McLaren M23,#11 McLaren M23,1672,1976,McLaren,#11 Team McLaren M23,Formula 70s,Race,865,R
2012 MINI John Cooper Works GP,MINI JCW GP '12,2003,2012,MINI,John Cooper Works GP,Modern Hot Hatch,Factory,428,C
2013 Mazda MX-5,Mazda MX-5 '13,2004,2013,Mazda,MX-5,Modern Sport Compact,Factory,345,D
2009 Honda S2000 CR,Honda S2000 '09,2005,2009,Honda,S2000 CR,Modern Sport Compact,Factory,405,C
1995 Chevrolet Corvette ZR-1,Chev. C4 ZR1 '95,2006,1995,Chevrolet,Corvette ZR-1,Sport GT Icons,Factory,579,B
2013 Toyota 86,Toyota GT86,2007,2013,Toyota,86,Modern Sports Cars,Factory,579,C
2013 Audi RS 7 Sportback,Audi RS 7,2009,2013,Audi,RS 7 Sportback,Sport Luxury,Factory,613,A
2013 Audi R8 Coupé V10 plus 5.2 FSI quattro,Audi R8 '13,2010,2013,Audi,R8 Coupé V10 plus 5.2 FSI quattro,Modern Sport GT,Factory,732,S
1976 Ferrari #1 Scuderia Ferrari 312 T2,Ferrari #1 312,2015,1976,Ferrari,#1 Scuderia Ferrari 312 T2,Formula 70s,Race,871,R
1968 Abarth 595 esseesse,Abarth 595 '68,2017,1968,Abarth,595 esseesse,Cult Cars,Factory,100,D
2013 BMW M6 Coupé,BMW M6 '13,2018,2013,BMW,M6 Coupé,Sport Luxury,Factory,651,A
2003 Ford Focus RS,Ford Focus '03,2019,2003,Ford,Focus RS,Modern Hot Hatch,Factory,384,D
1967 Lotus Type 49,Lotus Type 49,2024,1967,Lotus,Type 49,Formula 60s,Race,761,S
1967 Brabham BT24,Brabham BT24,2033,1967,Brabham,BT24,Formula 60s,Race,756,S
2013 Ferrari LaFerrari,LaFerrari '13,2034,2013,Ferrari,LaFerrari,Modern Exotic GT,Factory,859,R
2014 Alfa Romeo 4C,Alfa Romeo 4C,2038,2014,Alfa Romeo,4C,Modern Sport Coupe,Factory,522,B
2014 BAC Mono,BAC Mono '14,2040,2014,BAC,Mono,Track Toys,Factory,712,S
2013 Lamborghini Veneno,L. Veneno '13,2042,2013,Lamborghini,Veneno,Modern Hypercars,Factory,833,R
1945 Willys MB Jeep,Willys Jeep,2049,1945,Willys,MB Jeep,Pickups & 4x4s,Factory,198,D
2014 Maserati Ghibli S Q4,Mas. Ghibli '14,2051,2014,Maserati,Ghibli S Q4,Sport Luxury,Factory,537,B
1926 Bugatti Type 35 C,Bugatti Type 35,2066,1926,Bugatti,Type 35 C,The Birth of Grand Prix,Race,263,E
1939 Maserati 8CTF,Mas. 8CTF,2068,1939,Maserati,8CTF,The Birth of Grand Prix,Race,606,A
1939 Mercedes-Benz W154,MB W154,2069,1939,Mercedes-Benz,W154,The Birth of Grand Prix,Race,583,B
2015 Mazda Formula Mazda,Formula Mazda 15,2083,2015,Mazda,Formula Mazda,Formula Mazda Spec,Race,699,A
1939 Auto Union Type D,AutoUnion Type D,2096,1939,Auto Union,Type D,The Birth of Grand Prix,Race,598,B
2014 Lexus IS 350 F Sport,Lexus IS 350 '14,2097,2014,Lexus,IS 350 F Sport,Modern Sport Touring,Factory,417,C
1979 BMW #6 BMW Motorsport M1 Procar,BMW #6 M1 Procar,2103,1979,BMW,#6 BMW Motorsport M1 Procar,GTX Sportscars,Race,772,S
2013 Dodge Dart GT,Dodge Dart '13,2104,2013,Dodge,Dart GT,Modern Sport Compact,Factory,315,D
2013 Donkervoort D8 GTO,Donkervoort GTO,2105,2013,Donkervoort,D8 GTO,Track Toys,Factory,717,S
1975 BMW #25 BMW Motorsport 3.0 CSL,BMW #25 3.0 CSL,2112,1975,BMW,#25 BMW Motorsport 3.0 CSL,GTX Sportscars,Race,741,S
2013 Holden #10 Holden Xbox Racing Team Commodore VF,#10 VF Commodore,2118,2013,Holden,#10 Holden Xbox Racing Team Commodore VF,Forza Specials,Race,781,S
1981 Ford #2 Zakspeed Racing Capri Turbo,Ford #2 Capri,2125,1981,Ford,#2 Zakspeed Racing Capri Turbo,GTX Sportscars,Race,799,S
1990 Ferrari #1 Scuderia Ferrari 641,Ferrari #1 641,2126,1990,Ferrari,#1 Scuderia Ferrari 641,Grand Prix Rivals,Race,999,X
2013 Cadillac XTS Limousine,Caddy Limo,2128,2013,Cadillac,XTS Limousine,Super Saloons,Factory,492,D
2014 HSV GEN-F GTS,Holden GEN-F '14,2131,2014,HSV,GEN-F GTS,Modern Sport Touring,Factory,560,B
2015 BMW i8,BMW i8 '15,2133,2015,BMW,i8,Sport Luxury,Factory,644,A
1980 Subaru BRAT GL,Subaru BRAT,2140,1980,Subaru,BRAT GL,Vans & Utility,Factory,273,D
2014 Volkswagen Golf R,VW Golf R '14,2142,2014,Volkswagen,Golf R,Modern Hot Hatch,Factory,483,C
1993 Renault Clio Williams,Ren. Clio '93,2149,1993,Renault,Clio Williams,Hot Hatch Icons,Factory,298,E
1963 Volkswagen Type 2 De Luxe,VW Type 2,2151,1963,Volkswagen,Type 2 De Luxe,Cult Cars,Factory,100,D
2014 BMW M4 Coupé,BMW M4 '14,2154,2014,BMW,M4 Coupé,Modern Sport Touring,Factory,615,A
1981 Ford Fiesta XR2,Ford Fiesta '81,2158,1981,Ford,Fiesta XR2,Hot Hatch Icons,Factory,243,E
1979 Opel Kadett C GT/E,Opel Kadett '79,2160,1979,Opel,Kadett C GT/E,Vintage Sport Compact,Factory,251,E
1965 Alfa Romeo Giulia TZ2,Alfa Romeo TZ2,2161,1965,Alfa Romeo,Giulia TZ2,Classic Racers,Race,641,B
2015 Jaguar F-TYPE R Coupé,Jag. F-Type R 15,2162,2015,Jaguar,F-TYPE R Coupé,Modern Sport Coupe,Factory,646,A
2014 Lamborghini Huracán LP 610-4,Lambo Huracán,2164,2014,Lamborghini,Huracán LP 610-4,Modern Sport GT,Factory,763,S
2011 Lotus Evora S,Lotus Evora '11,2165,2011,Lotus,Evora S,Modern Sport Coupe,Factory,588,B
2014 Infiniti Q50 Eau Rouge,Infiniti Q50 '14,2166,2014,Infiniti,Q50 Eau Rouge,Sport Luxury,Factory,663,A
2015 SUBARU WRX STI,SUBARU WRX '15,2168,2015,SUBARU,WRX STI,Modern Sport Compact,Factory,507,B
2015 Lexus RC F,Lexus RC F '15,2175,2015,Lexus,RC F,Modern Sport Coupe,Factory,542,B
2015 Chevrolet Corvette Z06,Chev. C6 Z06 '15,2177,2015,Chevrolet,Corvette Z06,Modern Sport GT,Factory,721,S
2001 Audi RS 4 Avant,Audi RS 4 '01,2178,2001,Audi,RS 4 Avant,Sport Touring Classics,Factory,516,B
2015 Audi S1,Audi S1 '15,2179,2015,Audi,S1,Modern Hot Hatch,Factory,405,C
2015 Audi RS 6 Avant,Audi RS 6 '15,2180,2015,Audi,RS 6 Avant,Sport Luxury,Factory,666,A
2013 Aston Martin V12 Vantage S,AM Vantage '13,2181,2013,Aston Martin,V12 Vantage S,Modern Sport GT,Factory,640,A
2015 Audi TTS Coupe,Audi TTS,2182,2015,Audi,TTS Coupe,Modern Sports Cars,Factory,724,A
2015 Chevrolet Camaro Z/28,Chevy Camaro '15,2183,2015,Chevrolet,Camaro Z/28,Track Toys,Factory,797,A
2013 Ferrari 458 Speciale,Ferrari 458 S,2184,2013,Ferrari,458 Speciale,Modern Sport GT,Factory,782,S
2015 Jaguar XFR-S,Jag. XRF-S '15,2185,2015,Jaguar,XFR-S,Sport Luxury,Factory,570,B
1953 Ferrari 500 Mondial,Ferrari 500 M,2186,1953,Ferrari,500 Mondial,Vintage Le Mans Sportscars,Race,365,D
2015 Koenigsegg One:1,Koenigsegg One,2188,2015,Koenigsegg,One:1,Modern Hypercars,Factory,983,S2
2015 McLaren 650S Coupe,McLaren 650S,2189,2015,McLaren,650S Coupe,Modern Sport GT,Factory,756,S
2000 BMW 323ti Sport,BMW 323ti '00,2193,2000,BMW,323ti Sport,Early Sport Compact,Factory,322,D
2014 Ferrari California T,Ferrari Cali T,2194,2014,Ferrari,California T,Modern Sport GT,Factory,653,A
1988 Holden VL Commodore Group A SV,Holden VL '88,2203,1988,Holden,VL Commodore Group A SV,Sport Touring Classics,Factory,359,D
1970 Honda S800,Honda S800 '70,2205,1970,Honda,S800,Sport Coupe Icons,Factory,210,E
1972 Lamborghini Jarama S,L. Jarama S '72,2207,1972,Lamborghini,Jarama S,Vintage Exotic GT,Factory,377,D
1992 Mazda 323 GT-R,Mazda 323 '92,2209,1992,Mazda,323 GT-R,Hot Hatch Icons,Factory,382,D
2014 Chevrolet #3 Corvette Racing Corvette C7.R,Chev. #3 C7,2226,2014,Chevrolet,#3 Corvette Racing Corvette C7.R,Forza GT2,Race,804,R
2014 Dodge #93 SRT Motorsports Viper GTS-R,Dodge #93 Viper,2229,2014,Dodge,#93 SRT Motorsports Viper GTS-R,Forza GT2,Race,808,R
2015 Jaguar XKR-S GT,Jag. XKR-S GT '15,2235,2015,Jaguar,XKR-S GT,Modern Sport Touring,Factory,646,A
2014 Mazda #70 SpeedSource Lola B12/80,Mazda #70 B12/80,2240,2014,Mazda,#70 SpeedSource Lola B12/80,Forza P2,Race,949,P
1990 Mazda MX-5 Miata,Mazda MX-5 '90,2255,1990,Mazda,MX-5 Miata,Early Sport Compact,Factory,268,E
1970 Volkswagen #1107 Desert Dingo Racing Stock Bug,#1107 VW Bug,2258,1970,Volkswagen,#1107 Desert Dingo Racing Stock Bug,Buggies,Race,371,D
2016 Cadillac ATS-V,Cadillac ATS '16,2262,2016,Cadillac,ATS-V,Modern Sport Touring,Factory,538,B
1967 Honda RA300,Honda RA300,2265,1967,Honda,RA300,Formula 60s,Race,747,S
1976 Lotus #5 Team Lotus 77,#5 Lotus 77,2266,1976,Lotus,#5 Team Lotus 77,Formula 70s,Race,877,R
2016 Mazda MX-5,Mazda MX-5 '16,2267,2016,Mazda,MX-5,Modern Sport Compact,Factory,377,D
1963 Ferrari 250LM,Ferrari 250LM,2268,1963,Ferrari,250LM,Vintage Le Mans Sportscars,Race,624,A
1969 Nissan #21 Nissan Racing R382,Nissan #21 R382,2269,1969,Nissan,#21 Nissan Racing R382,Prototype Group Racing,Race,816,R
1973 Nissan Skyline H/T 2000GT-R,Nissan GT-R '73,2270,1973,Nissan,Skyline H/T 2000GT-R,Vintage Sport Compact,Factory,275,E
2014 Audi #2 Audi Team Joest R18 e-tron quattro,Audi #2 R18,2271,2014,Audi,#2 Audi Team Joest R18 e-tron quattro,Forza P1,Race,979,P
1969 Datsun 2000 Roadster,Datsun 2000,2272,1969,Datsun,2000 Roadster,Sport Coupe Icons,Factory,251,E
1967 Eagle-Weslake T1G,Eagle T1G,2275,1967,Eagle-Weslake,T1G,Formula 60s,Race,763,S
2014 Porsche 911 Turbo S,911 Turbo '14,2289,2014,Porsche,911 Turbo S,Modern Sport GT,Factory,717,S
2014 Porsche 918 Spyder,P. 918 Spyder 14,2290,2014,Porsche,918 Spyder,Modern Exotic GT,Factory,852,R
2015 Porsche Cayman GTS,Porsche Cayman,2293,2015,Porsche,Cayman GTS,Modern Sport Coupe,Factory,585,B
1978 Porsche #43 Porsche Racing 935/78,#43 935/78,2298,1978,Porsche,#43 Porsche Racing 935/78,GTX Sportscars,Race,873,R
1957 Porsche 356A Speedster,P. 356A S '57,2299,1957,Porsche,356A Speedster,Sport Coupe Icons,Factory,223,E
1999 BMW #16 BMW Motorsport V12 LMR,#16 BMW V12 LMR,2300,1999,BMW,#16 BMW Motorsport V12 LMR,Early LMP,Livery,953,P
2014 Toyota #8 Toyota Racing TS040 HYBRID,Toyota #8 TS040,2302,2014,Toyota,#8 Toyota Racing TS040 HYBRID,Forza P1,Race,981,P
1969 Lola #10 Simoniz Special T163,Lola #10 T163,2312,1969,Lola,#10 Simoniz Special T163,Prototype Group Racing,Race,840,R
2014 Ford #17 AMD Tuning Focus ST BTCC,Ford #17Focus ST,2314,2014,Ford,#17 AMD Tuning Focus ST BTCC,Forza Touring Cars,Race,703,S
1982 Ferrari #72 N.A.R.T. 512 BB/LM,Ferrari #72 BBLM,2315,1982,Ferrari,#72 N.A.R.T. 512 BB/LM,GTX Sportscars,Race,774,S
1990 Mercury #15 Whistler Radar Cougar XR-7,Mercury #15 XR-7,2333,1990,Mercury,#15 Whistler Radar Cougar XR-7,GTX Sportscars,Race,812,R
1991 Mazda #62 RX-7,Mazda #62 RX-7,2334,1991,Mazda,#62 RX-7,GTX Sportscars,Race,819,R
2017 Acura NSX,Acura NSX '17,2352,2017,Acura,NSX,Modern Sport GT,Factory,731,S
2017 Ford Focus RS,Ford Focus '17,2357,2017,Ford,Focus RS,Modern Hot Hatch,Factory,535,B
2017 Ford GT,Ford GT '17,2363,2017,Ford,GT,Modern Sport GT,Factory,795,S
2015 Nissan #23 GT-R LM NISMO,Nissan #23 GTRLM,2368,2015,Nissan,#23 GT-R LM NISMO,Forza P1,Race,978,P
2014 Ferrari FXX K,Ferrari FXX K,2371,2014,Ferrari,FXX K,Modern Factory Racecars,Race,922,P
2015 Lamborghini #63 Squadra Corse Huracan LP620-2 Super Trofeo,#63 Lambo Super,2379,2015,Lamborghini,#63 Squadra Corse Huracan LP620-2 Super Trofeo,Super Trofeo,Race,815,R
2016 Ford Shelby GT-350R,Ford GT-350R '16,2400,2016,Ford,Shelby GT-350R,Modern Sport Touring,Factory,651,A
1964 Ferrari F-158,Ferrari F-158,2401,1964,Ferrari,F-158,Formula 60s,Race,677,A
2014 Bentley #17 M-Sport Bentley Continental GT3,Bentley #17 C,2403,2014,Bentley,#17 M-Sport Bentley Continental GT3,Forza GT3,Race,819,R
2000 Lotus 340R,Lotus 340R,2405,2000,Lotus,340R,Retro Sports Cars,Factory,706,A
2015 Ford #02 Chip Ganassi Racing Riley Mk XXVI Daytona Prototype,Ford #02 DP,2409,2015,Ford,#02 Chip Ganassi Racing Riley Mk XXVI Daytona Prototype,Forza P2,Race,921,P
1957 BMW Isetta 300 Export,BMW Isetta,2412,1957,BMW,Isetta 300 Export,Cult Cars,Factory,100,D
1973 Holden HQ Monaro GTS 350,Holden Monaro 73,2417,1973,Holden,HQ Monaro GTS 350,Vintage Muscle,Factory,321,D
2016 Cadillac CTS-V Sedan,Cadillac CTS '16,2421,2016,Cadillac,CTS-V Sedan,Sport Luxury,Factory,629,A
2014 HSV Limited Edition Gen-F GTS Maloo,HSV Maloo,2422,2014,HSV,Limited Edition Gen-F GTS Maloo,Modern Sport Touring,Factory,568,B
1969 Lola #6 Sunoco T70 MkIIIB,Lola #6 T70,2423,1969,Lola,#6 Sunoco T70 MkIIIB,Prototype Group Racing,Race,798,S
1990 Alpine GTA Le Mans,Alpine GTA '90,2426,1990,Alpine,GTA Le Mans,Sport Touring Classics,Factory,374,D
2016 Vauxhall Corsa VXR,Vaux Corsa '16,2427,2016,Vauxhall,Corsa VXR,Modern Hot Hatch,Factory,354,D
2016 W Motors Lykan HyperSport,Lykan Hypersport,2428,2016,W Motors,Lykan HyperSport,Hypercars,Factory,907,S2
2016 Ariel Nomad,Ariel Nomad,2430,2016,Ariel,Nomad,Unlimited Buggies,Factory,711,A
2015 BMW X6 M,BMW X6 M,2431,2015,BMW,X6 M,Sports Utility Heroes,Factory,687,B
1992 Toyota #99 All American Racers Toyota Eagle MkIII,Toyota #99 Eagle,2434,1992,Toyota,#99 All American Racers Toyota Eagle MkIII,GTP/C,Race,981,P
2015 Ferrari 488 GTB,Ferrari 488 GTB,2467,2015,Ferrari,488 GTB,Modern Sport GT,Factory,754,S
2015 Dodge Charger SRT Hellcat,Dodge Charger 15,2468,2015,Dodge,Charger SRT Hellcat,Modern Sport Touring,Factory,620,A
1965 Toyota Sports 800,Sports 800 '65,2469,1965,Toyota,Sports 800,Classic Sports Cars,Factory,246,D
2016 Aston Martin Vulcan,AM Vulcan '16,2470,2016,Aston Martin,Vulcan,Modern Factory Racecars,Race,865,R
2016 Mercedes-AMG C 63 S Coupé,AMG C 63 '16,2471,2016,Mercedes-AMG,C 63 S Coupé,Modern Sport Touring,Factory,601,A
2016 Audi R8 V10 plus,Audi R8 '16,2473,2016,Audi,R8 V10 plus,Modern Sport GT,Factory,752,S
2016 Zenvo ST1,Zenvo ST1,2474,2016,Zenvo,ST1,Hypercars,Factory,883,S1
2016 Spania GTA GTA Spano,GTA Spano,2475,2016,Spania GTA,GTA Spano,Modern Exotic GT,Factory,848,R
2016 BMW M2 Coupé,BMW M2,2477,2016,BMW,M2 Coupé,Super Saloons,Factory,718,A
2016 Lamborghini Aventador Superveloce,Aventador '16,2479,2016,Lamborghini,Aventador Superveloce,Modern Exotic GT,Factory,785,S
2015 McLaren P1 GTR,McL. P1 GTR '15,2481,2015,McLaren,P1 GTR,Modern Factory Racecars,Race,911,P
1984 Nissan #20 Bluebird Super Silhouette,#20 Bluebird,2482,1984,Nissan,#20 Bluebird Super Silhouette,GTX Sportscars,Race,808,R
1991 Nissan #23 Nissan R91CP,Nissan #23 R91CP,2483,1991,Nissan,#23 Nissan R91CP,GTP/C,Race,976,P
2015 Chevrolet #10 Konica Minolta Corvette Daytona Prototype,Chev. #10 DP,2485,2015,Chevrolet,#10 Konica Minolta Corvette Daytona Prototype,Forza P2,Race,912,P
2015 Radical RXC Turbo,Radical RXC '15,2486,2015,Radical,RXC Turbo,Track Toys,Factory,891,R
1979 Datsun #33 280ZX Turbo,Datsun #33 280ZX,2488,1979,Datsun,#33 280ZX Turbo,GTX Sportscars,Race,842,R
2016 Abarth 695 Biposto,Abarth 695 '16,2489,2016,Abarth,695 Biposto,Hot Hatch,Factory,657,C
2015 Aston Martin Vantage GT12,AM GT12 '15,2493,2015,Aston Martin,Vantage GT12,Modern Sport GT,Factory,707,S
1953 Maserati A6GCS/53 PininFarina Berlinetta,Mas. A6GCS,2506,1953,Maserati,A6GCS/53 PininFarina Berlinetta,Vintage Le Mans Sportscars,Factory,290,E
1955 Chevrolet 150 Utility Sedan,Chevy 150 Sedan,2507,1955,Chevrolet,150 Utility Sedan,Rods and Customs,Factory,360,D
1987 Nissan Skyline GTS-R (HR31),Nissan GT-R '87,2512,1987,Nissan,Skyline GTS-R (HR31),Sport Touring Classics,Factory,333,D
1992 Ford Falcon GT,Ford Falcon '92,2514,1992,Ford,Falcon GT,Sport Touring Classics,Factory,396,D
2016 Chevrolet Camaro Super Sport,Chev. Camaro '16,2523,2016,Chevrolet,Camaro Super Sport,Modern Sport Touring,Factory,583,B
2017 Aston Martin DB11,AM DB11,2527,2017,Aston Martin,DB11,Super GT,Factory,787,A
2016 Porsche 911 GT3 RS,911 GT3 RS '16,2528,2016,Porsche,911 GT3 RS,Modern Sport GT,Factory,748,S
2016 Porsche Cayman GT4,Porsche Cayman,2529,2016,Porsche,Cayman GT4,Modern Sport Coupe,Factory,668,A
1980 Porsche 924 Carrera GTS,P. 924 GTS '80,2532,1980,Porsche,924 Carrera GTS,Sport Touring Classics,Factory,427,C
1993 Porsche 968 Turbo S,P. 968 Turbo '93,2534,1993,Porsche,968 Turbo S,Sport Touring Classics,Factory,534,B
1993 Porsche 928 GTS,P. 928 GTS '93,2535,1993,Porsche,928 GTS,Sport Touring Classics,Factory,464,C
1960 Porsche 718 RS 60,Porsche 718,2537,1960,Porsche,718 RS 60,Vintage Le Mans Sportscars,Race,536,B
2015 Porsche #91 Porsche Team Manthey 991 RSR,Porsche #91 RSR,2538,2015,Porsche,#91 Porsche Team Manthey 991 RSR,Forza GT2,Race,806,R
2016 Lotus 3-Eleven,Lotus 3-Eleven,2541,2016,Lotus,3-Eleven,Track Toys,Factory,734,S
2017 Alfa Romeo Giulia Quadrifoglio,Alfa Giulia '17,2542,2017,Alfa Romeo,Giulia Quadrifoglio,Modern Sport Touring,Factory,632,A
2016 Ford #66 Ford Racing GT Le Mans,Ford #66 GT,2543,2016,Ford,#66 Ford Racing GT Le Mans,Forza GT2,Race,820,R
2016 Dodge Viper ACR,Dodge Viper '16,2544,2016,Dodge,Viper ACR,Modern Sport GT,Factory,767,S
1978 Porsche #78 MOMO 935/78,Porsche 935/78,"2,548",1978,Porsche,#78 MOMO 935/78,GTX Sportscars,Race,873,R
1970 Porsche #3 917 LH,Porsche 917 LH,2549,1970,Porsche,#3 917 LH,Vintage Le Mans Prototypes,Race,857,R
2014 Ford FPV Limited Edition Pursuit Ute,Ford Ute '14,2551,2014,Ford,FPV Limited Edition Pursuit Ute,Modern Sport Touring,Factory,685,B
2015 Alumi Craft Class 10 Race Car,Alumi Craft C.10,2552,2015,Alumi Craft,Class 10 Race Car,Unlimited Buggies,Race,642,B
1959 Jaguar Mk II 3.8,Jag. Mk II '59,2559,1959,Jaguar,Mk II 3.8,Sport Coupe Icons,Race,252,E
1979 Toyota FJ40,Toyota FJ40,2566,1979,Toyota,FJ40,Pickups & 4x4s,Factory,269,D
1969 Volkswagen Class 5/1600 Baja Bug,VW Class 5 Bug,2568,1969,Volkswagen,Class 5/1600 Baja Bug,Buggies,Factory,349,D
2015 Ultima Evolution Coupe 1020,Ultima Evo '15,2569,2015,Ultima,Evolution Coupe 1020,Track Toys,Factory,903,P
2554 AMG Transport Dynamics M12S Warthog CST,M12S Warthog CST,2574,2554,AMG Transport Dynamics,M12S Warthog CST,Unlimited Offroad,Fantasy,719,A
2015 Ferrari F12tdf,Ferrari F12 '15,2577,2015,Ferrari,F12tdf,Modern Exotic GT,Factory,766,S
2015 Ford Falcon GT F 351,Ford Falcon '15,2580,2015,Ford,Falcon GT F 351,Modern Sport Touring,Factory,544,B
1972 Chrysler VH Valiant Charger R/T E49,Chry. Valiant 72,2581,1972,Chrysler,VH Valiant Charger R/T E49,Street Drag Racers,Factory,361,D
1996 HSV GTSR,Holden GTSR '96,2582,1996,HSV,GTSR,Sport Touring Classics,Factory,416,C
1985 HDT VK Commodore Group A,Holden VK '85,2584,1985,HDT,VK Commodore Group A,Sport Touring Classics,Factory,550,C
1972 Ford Falcon XA GT-HO,Ford Falcon '72,2585,1972,Ford,Falcon XA GT-HO,Vintage Muscle,Factory,624,B
2015 Volvo V60 Polestar,Volvo V60,2586,2015,Volvo,V60 Polestar,Super Saloons,Factory,662,B
1991 Holden HSV Commodore Group A SV,Holden VN '91,2587,1991,Holden,HSV Commodore Group A SV,Sport Touring Classics,Factory,388,D
1968 Ford Mustang GT 2+2 Fastback,Ford Mustang '68,2614,1968,Ford,Mustang GT 2+2 Fastback,Vintage Muscle,Factory,297,E
2016 Lamborghini Centenario LP 770-4,L. Centenario 16,2616,2016,Lamborghini,Centenario LP 770-4,Modern Exotic GT,Factory,803,R
2017 Nissan GT-R (R35),Nissan GT-R '17,2618,2017,Nissan,GT-R (R35),Modern Sport GT,Factory,702,S
2018 Bugatti Chiron,Bugatti Chiron,2624,2018,Bugatti,Chiron,Modern Hypercars,Factory,869,R
2016 Bentley Bentayga,Bentley Bentayga,2625,2016,Bentley,Bentayga,Sports Utility Heroes,Factory,727,A
2016 BMW M4 GTS,BMW M4 '16,2628,2016,BMW,M4 GTS,Modern Sport Touring,Factory,701,S
1993 Toyota #1 T100 Baja Truck,#1 Toyota Baja,2636,1993,Toyota,#1 T100 Baja Truck,Unlimited Offroad,Race,693,B
2016 Pagani Huayra BC,Pagani Huayra 16,2647,2016,Pagani,Huayra BC,Modern Hypercars,Factory,871,R
2017 Mercedes-AMG GT R,AMG GT R '17,2654,2017,Mercedes-AMG,GT R,Modern Sport GT,Factory,728,S
2007 Toyota Hilux Arctic Trucks AT38,Toyota AT38,2656,2007,Toyota,Hilux Arctic Trucks AT38,Pickups & 4x4s,Factory,457,D
1998 Nissan Silvia K's Aero,Nissan Silvia 98,2659,1998,Nissan,Silvia K's Aero,Early Sport Compact,Factory,380,D
2017 Bentley Continental Supersports,Bentley C SS '17,2665,2017,Bentley,Continental Supersports,Sport Luxury,Factory,656,A
2017 Chevrolet Camaro ZL1,Chev. Camaro '17,2739,2017,Chevrolet,Camaro ZL1,Modern Sport Touring,Factory,646,A
2017 Abarth 124 Spider,Abarth 124 '17,2740,2017,Abarth,124 Spider,Modern Sport Compact,Factory,360,D
2017 Porsche Panamera Turbo,P. Panamera '17,2741,2017,Porsche,Panamera Turbo,Sport Luxury,Factory,643,A
2016 Toyota Land Cruiser Arctic Trucks AT37,Toyota AT37,2743,2016,Toyota,Land Cruiser Arctic Trucks AT37,Pickups & 4x4s,Factory,404,D
2018 Porsche 911 GT2 RS,P. 911 GT2 RS 18,2755,2018,Porsche,911 GT2 RS,Modern Sport GT,Factory,803,R
2017 Ford #17 Shell V-Power Racing Team Falcon FG X,Ford #17 Falcon,2760,2017,Ford,#17 Shell V-Power Racing Team Falcon FG X,Forza AUS,Race,785,S
2017 Porsche #2 Porsche Team 919 Hybrid,Porsche #2 919,2774,2017,Porsche,#2 Porsche Team 919 Hybrid,Forza P1,Race,999,X
2017 Porsche #92 Porsche GT Team 911 RSR,Porsche #92 RSR,2775,2017,Porsche,#92 Porsche GT Team 911 RSR,Forza GT2,Race,811,R
1976 Chevrolet #76 Greenwood Corvette,Chev. #76 C3,2776,1976,Chevrolet,#76 Greenwood Corvette,GTX Sportscars,Race,811,R
1966 Ford #2 GT40 MkII Le Mans,Ford GT40 Mk II,2792,1966,Ford,#2 GT40 MkII Le Mans,Vintage Le Mans Prototypes,Race,728,S
1967 Ferrari #24 Ferrari Spa 330 P4,Ferrari 330 P4,2793,1967,Ferrari,#24 Ferrari Spa 330 P4,Vintage Le Mans Prototypes,Race,764,S
1993 Porsche 911 Turbo S Leichtbau,P. 911 Turbo '93,2794,1993,Porsche,911 Turbo S Leichtbau,Sport GT Icons,Factory,626,A
2017 Holden #22 Walkinshaw Performance VF Commodore,Holden #22 VF,2796,2017,Holden,#22 Walkinshaw Performance VF Commodore,Forza AUS,Race,785,S
2017 Nissan Altima Racecar,Nissan Altima R,2797,2017,Nissan,Altima Racecar,Forza AUS,Race,783,S
1983 Jaguar #44 Group 44 XJR-5,Jag. #44 XJR-15,2800,1983,Jaguar,#44 Group 44 XJR-5,GTP/C,Race,928,P
1984 Nissan #11 Tomica Skyline Turbo Super Silhouette,#11 Skyline '84,2801,1984,Nissan,#11 Tomica Skyline Turbo Super Silhouette,GTX Sportscars,Race,803,R
2000 Honda Prelude Type SH,Honda Prelude,2817,2000,Honda,Prelude Type SH,Early Sport Compact,Factory,312,D
1967 Nissan R380 II,Nissan R380 II,2823,1967,Nissan,R380 II,Vintage Le Mans Sportscars,Factory,578,B
2017 BMW #24 BMW Team RLL M6 GTLM,BMW #24 M6,2824,2017,BMW,#24 BMW Team RLL M6 GTLM,Forza GT2,Race,813,R
1988 Jaguar #1 Jaguar Racing XJR-9,Jag. #1 XJR-9,2826,1988,Jaguar,#1 Jaguar Racing XJR-9,GTP/C,Race,969,P
1988 Nissan #33 Bob Sharp Racing 300ZX,Nis. #33 300ZX,2840,1988,Nissan,#33 Bob Sharp Racing 300ZX,GTX Sportscars,Race,815,R
2017 VUHL 05RR,Vuhl 05RR '17,2844,2017,VUHL,05RR,Track Toys,Factory,785,S
2018 McLaren 720S Coupe,McL. 720 '18,2846,2018,McLaren,720S Coupe,Modern Sport GT,Factory,807,R
2017 Chevrolet Colorado ZR2,Chevrolet ZR2,2847,2017,Chevrolet,Colorado ZR2,Pickups & 4x4s,Factory,530,C
2018 Audi #1 Audi Sport RS 3 LMS,Audi #1 RS 3 LMS,2852,2018,Audi,#1 Audi Sport RS 3 LMS,Forza Touring Cars,Race,692,A
2016 Audi #17 Rotek Racing TT RS,Audi #17 TT RS,2859,2016,Audi,#17 Rotek Racing TT RS,Forza GT4,Race,802,R
2017 Aston Martin #7 Aston Martin Racing V12 Vantage GT3,AM #7 Vantage,2860,2017,Aston Martin,#7 Aston Martin Racing V12 Vantage GT3,Forza GT3,Race,833,R
2018 Exomotive Exocet Sport V8 XP-5,Exocet '18,2866,2018,Exomotive,Exocet Sport V8 XP-5,Track Toys,Factory,776,S
1982 Ford #6 Zakspeed Roush Mustang IMSA GT,Ford #6 Mustang,2868,1982,Ford,#6 Zakspeed Roush Mustang IMSA GT,GTX Sportscars,Race,810,R
1971 Porsche #23 917/20,#23 Porsche 917,2869,1971,Porsche,#23 917/20,Vintage Le Mans Prototypes,Race,849,S1
2018 Honda Civic Type R,Honda Civic '18,2870,2018,Honda,Civic Type R,Modern Hot Hatch,Factory,571,B
2018 Can-Am Maverick X RS Turbo R,Can-Am Maverick,2871,2018,Can-Am,Maverick X RS Turbo R,UTV's,Factory,670,B
2019 Hyundai Veloster N,Veloster N '19,2872,2019,Hyundai,Veloster N,Modern Hot Hatch,Factory,468,C
2018 Nissan Sentra NISMO,Nissan Sentra 18,2874,2018,Nissan,Sentra NISMO,Modern Sport Compact,Factory,336,D
2017 Mercedes-Benz #33 Mac Tools Ciceley Motorsports A-Class (A45),MB #33 A45,2875,2017,Mercedes-Benz,#33 Mac Tools Ciceley Motorsports A-Class (A45),Forza Touring Cars,Race,698,A
2018 Dodge Challenger SRT Demon,D. Challenger 18,2909,2018,Dodge,Challenger SRT Demon,Modern Sport Touring,Factory,679,A
2017 Koenigsegg Agera RS,Koe. Agera '17,2910,2017,Koenigsegg,Agera RS,Modern Hypercars,Factory,905,P
2017 Oreca #38 Jackie Chan DC Racing Oreca 07,Oreca #38 07,2967,2017,Oreca,#38 Jackie Chan DC Racing Oreca 07,Forza P2,Race,938,P
2023 Aston Martin Valkyrie,AM Valkyrie '23,2968,2023,Aston Martin,Valkyrie,Modern Hypercars,Factory,999,X
2019 Ferrari #62 Risi Competizione 488 GTE,Ferrari #62 488,2972,2019,Ferrari,#62 Risi Competizione 488 GTE,Forza GT2,Race,835,R
2017 Alpine A110,Alpine A110 '17,2973,2017,Alpine,A110,Modern Sport Coupe,Factory,570,B
2017 Ferrari 812 Superfast,Ferrari 812 '17,2974,2017,Ferrari,812 Superfast,Modern Exotic GT,Factory,783,S
1930 Bentley Blower 4-1/2 Litre Supercharged,4-1/2 Liter '31,2976,1930,Bentley,Blower 4-1/2 Litre Supercharged,Vintage Racers,Factory,207,D
1964 Ford GT40 Mk I,Ford GT40 Mk I,2980,1964,Ford,GT40 Mk I,Vintage Le Mans Prototypes,Factory,691,A
1986 Ford Escort RS Turbo,Ford Escort '86,2981,1986,Ford,Escort RS Turbo,Hot Hatch Icons,Factory,290,E
2018 McLaren Senna,McL. Senna '18,2988,2018,McLaren,Senna,Modern Hypercars,Factory,860,R
2018 TVR Griffith,TVR Grifith '18,2993,2018,TVR,Griffith,Modern Sport GT,Factory,667,A
1998 TVR Cerbera Speed 12,TVR Speed 12,2993,1998,TVR,Cerbera Speed 12,Retro Supercars,Factory,861,S1
1983 Volkswagen Golf GTI,VW GTI Mk1 '83,2995,1983,Volkswagen,Golf GTI,Hot Hatch Icons,Factory,264,E
2015 Formula Drift #13 Ford Mustang,#13 Ford Mustang,2996,2015,Formula Drift,#13 Ford Mustang,Formula Drift,Race,767,S
2016 Formula Drift #530 HSV Maloo Gen-F,#530 HSV Maloo,2997,2016,Formula Drift,#530 HSV Maloo Gen-F,Formula Drift,Race,768,S
1997 Formula Drift #777 Nissan 240SX,FD #777 240SX,3000,1997,Formula Drift,#777 Nissan 240SX,Formula Drift,Race,799,S
2006 Formula Drift #43 Dodge Viper SRT10,#43 Dodge Viper,3003,2006,Formula Drift,#43 Dodge Viper SRT10,Formula Drift,Race,816,R
2017 Volkswagen #34 Volkswagen Andretti Rallycross Beetle,#34 VW Beetle,3007,2017,Volkswagen,#34 Volkswagen Andretti Rallycross Beetle,Rally Monsters,Race,851,S1
1985 Nissan #83 GTP ZX-Turbo,Nissan #83 GTP,3018,1985,Nissan,#83 GTP ZX-Turbo,GTP/C,Race,944,P
1948 Ferrari 166 Inter Sport,Ferrari 166 IS,3019,1948,Ferrari,166 Inter Sport,The Birth of Grand Prix,Race,342,D
1983 Porsche #11 John Fitzpatrick Racing 956,Porsche #11 956,3023,1983,Porsche,#11 John Fitzpatrick Racing 956,GTP/C,Race,959,P
1967 Aston Martin DBS,AM DBS '67,3024,1967,Aston Martin,DBS,Vintage Exotic GT,Factory,343,D
1986 Merkur #11 MAC Tools XR4Ti,Merkur #11 XR4Ti,3028,1986,Merkur,#11 MAC Tools XR4Ti,GTX Sportscars,Race,807,R
2018 KTM X-Bow GT4,KTM X-Bow GT4,3035,2018,KTM,X-Bow GT4,Forza GT4,Race,750,S
2018 DeBerti Ford Mustang GT,Ford Mustang DD,3046,2018,DeBerti,Ford Mustang GT,Modern Muscle,Tuner,824,S1
2018 Ford Mustang GT,Ford Mustang '18,3046,2018,Ford,Mustang GT,Modern Sport Touring,Factory,568,B
1970 Ferrari 512 S,Ferrari 512S,3062,1970,Ferrari,512 S,Vintage Le Mans Prototypes,Race,843,R
2018 Mercedes-AMG GT 4-Door Coupé,AMG GT Coupe '18,3064,2018,Mercedes-AMG,GT 4-Door Coupé,Sport Luxury,Factory,684,A
2018 BMW M5,BMW M5 '18,3071,2018,BMW,M5,Sport Luxury,Factory,711,S
2019 Porsche 911 GT3 RS,P. 911 GT3 RS 19,3072,2019,Porsche,911 GT3 RS,Modern Sport GT,Factory,756,S
2018 BMW #1 BMW M Motorsport M8 GTE,BMW #1 M8,3073,2018,BMW,#1 BMW M Motorsport M8 GTE,Forza GT2,Race,838,R
1963 Shelby Monaco King Cobra,Shelby Monaco KC,3079,1963,Shelby,Monaco King Cobra,Vintage Le Mans Prototypes,Race,793,S
1970 Matra-Simca #146 Equipe Matra-Simca MS650 Tour de France,Matra #146 MS650,3080,1970,Matra-Simca,#146 Equipe Matra-Simca MS650 Tour de France,Vintage Le Mans Prototypes,Race,775,S
2019 Aston Martin Vantage,AM Vantage '19,3091,2019,Aston Martin,Vantage,Modern Sport GT,Factory,665,A
2018 Morgan Aero GT,Morgan Aero GT,3094,2018,Morgan,Aero GT,Track Toys,Factory,811,S1
2017 Ferrari #25 Corse Clienti 488 Challenge,Ferrari #25 488,3112,2017,Ferrari,#25 Corse Clienti 488 Challenge,488 Challenge Spec,Race,830,R
2018 Porsche 718 Cayman GTS,P. 718 GTS '18,3117,2018,Porsche,718 Cayman GTS,Modern Sport Coupe,Factory,608,A
2019 Chevrolet Corvette ZR1,Chev. C7 ZR1 '19,3118,2019,Chevrolet,Corvette ZR1,Modern Sport GT,Factory,756,S
2019 Porsche 911 Carrera S,P. 911 CS '19,3123,2019,Porsche,911 Carrera S,Modern Sport GT,Factory,685,A
2017 Aston Martin Vanquish Zagato Coupe,AM Vanquish '17,3125,2017,Aston Martin,Vanquish Zagato Coupe,Modern Exotic GT,Factory,675,A
2008 Renault Mégane R26.R,Ren. Megane '08,3129,2008,Renault,Mégane R26.R,Modern Hot Hatch,Factory,512,B
2018 Renault Megane R.S.,Ren. Megane '18,3134,2018,Renault,Megane R.S.,Modern Hot Hatch,Factory,446,C
2019 Rimac Concept Two,Rimac Concept 2,3140,2019,Rimac,Concept Two,Modern Hypercars,Factory,908,P
2018 Apollo Intensa Emozione,Apollo IE '18,3141,2018,Apollo,Intensa Emozione,Modern Hypercars,Factory,906,P
2018 Chevrolet Camaro ZL1 1LE,Chev. Camaro '18,3149,2018,Chevrolet,Camaro ZL1 1LE,Modern Sport Touring,Factory,667,A
2018 McLaren 600LT Coupé,McL. 600 '18,3153,2018,McLaren,600LT Coupé,Modern Sport GT,Factory,753,S
2019 McLaren 720S Spider,McL. Spider '19,3154,2019,McLaren,720S Spider,Modern Sport GT,Factory,786,S
2019 McLaren Senna GTR,McL. SennaGTR 19,3155,2019,McLaren,Senna GTR,Modern Factory Racecars,Race,908,P
2019 McLaren #03 720S GT3,McLaren #03 720S,3157,2019,McLaren,#03 720S GT3,Forza GT3,Race,806,R
1991 Ford #15 Roush Racing Whistler Mustang,Ford #15 Mustang,3158,1991,Ford,#15 Roush Racing Whistler Mustang,GTX Sportscars,Race,824,R
2018 Volkswagen #22 Experion Racing Golf GTI,VW #22 Golf GTI,3161,2018,Volkswagen,#22 Experion Racing Golf GTI,Forza Touring Cars,Race,704,S
2018 Chevrolet Hot Wheels COPO Camaro,COPOP Camaro '18,3163,2018,Chevrolet,Hot Wheels COPO Camaro,Track Toys,Race,867,S1
2019 Bugatti Divo,Bugatti Divo,3168,2019,Bugatti,Divo,Modern Hypercars,Factory,870,R
1991 Bentley Turbo R,Bentley Turbo R,3172,1991,Bentley,Turbo R,Retro Saloons,Factory,543,C
2019 BMW Z4 Roadster,BMW Z4 '19,3173,2019,BMW,Z4 Roadster,Modern Sport Coupe,Factory,608,A
1986 Ford Mustang SVO,Ford Mustang '86,3181,1986,Ford,Mustang SVO,Sport Touring Classics,Factory,314,D
2016 Renault Clio R.S. 16 Concept,Ren. Clio '16,3182,2016,Renault,Clio R.S. 16 Concept,Modern Hot Hatch,Factory,526,B
2019 Aston Martin DBS Superleggera,AM DBS '19,3185,2019,Aston Martin,DBS Superleggera,Modern Exotic GT,Factory,727,S
1973 Lamborghini Espada 400 GT,L. Espada '73,3191,1973,Lamborghini,Espada 400 GT,Vintage Exotic GT,Factory,357,D
2018 ATS GT,ATS GT '18,3195,2018,ATS,GT,Modern Supercars,Factory,877,S1
2019 RAESR Tachyon Speed,RAESR TS '19,3196,2019,RAESR,Tachyon Speed,Modern Hypercars,Factory,941,P
2018 Mercedes-AMG GT3,M-AMG GT3,3197,2018,Mercedes-AMG,GT3,Forza GT3,Race,817,R
1985 De Tomaso Pantera GT5,Pnatera GT5,3198,1985,De Tomaso,Pantera GT5,Vintage Exotic GT,Factory,502,B
2017 Aston Martin Vulcan AMR Pro,AM Vulcan AMR 17,3211,2017,Aston Martin,Vulcan AMR Pro,Modern Factory Racecars,Race,885,R
2019 Zenvo TSR-S,Zenvo TSR-S,3212,2019,Zenvo,TSR-S,Modern Hypercars,Factory,868,R
2019 Porsche #70 Porsche Motorsport 935,Porsche #70 935,3214,2019,Porsche,#70 Porsche Motorsport 935,Modern Factory Racecars,Race,819,R
2019 Porsche 911 Speedster,P. 911 S '19,3215,2019,Porsche,911 Speedster,Modern Sport GT,Factory,689,A
2018 Lamborghini Huracán Performante,L. Huracán '18,3217,2018,Lamborghini,Huracán Performante,Modern Sport GT,Factory,781,S
2018 Porsche #73 Park Place Motorsports 911 GT3 R,Porsche #73 GT3,3218,2018,Porsche,#73 Park Place Motorsports 911 GT3 R,Forza GT3,Race,801,R
2018 Ferrari Portofino,Ferrari Porto 18,3225,2018,Ferrari,Portofino,Modern Exotic GT,Factory,686,A
2017 Ferrari J50,Ferrari J50 '17,3226,2017,Ferrari,J50,Modern Exotic GT,Factory,763,S
2019 Ferrari 488 Pista,Ferrari 488,3227,2019,Ferrari,488 Pista,Modern Sport GT,Factory,804,R
1999 Ford Racing Puma,Ford Puma '99,3228,1999,Ford,Racing Puma,Early Sport Compact,Factory,303,D
2018 Audi #44 R8 LMS GT3,Audi #44 R8 LMS,3229,2018,Audi,#44 R8 LMS GT3,Forza GT3,Race,828,R
2017 Vauxhall #66 Power Maxed TAG Racing Astra,#66 Astra,3231,2017,Vauxhall,#66 Power Maxed TAG Racing Astra,Forza Touring Cars,Race,702,S
1982 Volkswagen Pickup LX,VW Pickup '82,3235,1982,Volkswagen,Pickup LX,Vans & Utility,Factory,100,D
2018 Lamborghini #63 Squadra Corse Huracán Super Trofeo Evo,L. #63 Huracán,3239,2018,Lamborghini,#63 Squadra Corse Huracán Super Trofeo Evo,Super Trofeo,Race,824,R
2018 Acura #36 NSX GT3,Acura #36 NSX,3240,2018,Acura,#36 NSX GT3,Forza GT3,Race,819,R
2018 Subaru WRX STI ARX Supercar,Subaru ST ARX,3241,2018,Subaru,WRX STI ARX Supercar,Rally Monsters,Race,849,S1
2014 Cadillac CTS-V Sport Wagon,CTS-V Wagon '14,3242,2014,Cadillac,CTS-V Sport Wagon,Modern Sport Touring,Factory,555,B
2018 Peugeot #7 DG Sport Compétition 308,Peugeot #7 308,3243,2018,Peugeot,#7 DG Sport Compétition 308,Forza Touring Cars,Race,716,S
1964 Plymouth Belvedere,,3244,1964,Plymouth,Belvedere,Classic Muscle,Factory,,
2018 Mercedes-AMG E 63 S,M-AMG E 63 '18,3250,2018,Mercedes-AMG,E 63 S,Sport Luxury,Factory,676,A
2018 Ford #98 Breathless Pro Racing TA Mustang,Ford #98 Mustang,3251,2018,Ford,#98 Breathless Pro Racing TA Mustang,Forza T/A,Race,897,R
1987 Porsche #203 Porsche AG 961,#203 Porsche 961,3252,1987,Porsche,#203 Porsche AG 961,GTX Sportscars,Race,825,R
2018 Chevrolet #23 Ruman Racing TA Corvette,Chev. #23 C7,3256,2018,Chevrolet,#23 Ruman Racing TA Corvette,Forza T/A,Race,899,R
1990 Nissan Pulsar GTi-R,Nissan Pulsar 90,3257,1990,Nissan,Pulsar GTi-R,Early Sport Compact,Factory,387,D
2018 Audi RS 5 Coupe,Audi RS 5 '18,3264,2018,Audi,RS 5 Coupe,Modern Sport Touring,Factory,638,A
1974 BRM #14 Team Motul P201,BRM #14 P201,3266,1974,BRM,#14 Team Motul P201,Formula 70s,Race,856,R
1965 Lotus Team Lotus type 35,Lotus Type 35,3268,1965,Lotus,Team Lotus type 35,Formula 60s,Race,710,S
1966 McLaren #4 Bruce McLaren Motor Racing M1B,McLaren #4 M1B,3270,1966,McLaren,#4 Bruce McLaren Motor Racing M1B,Prototype Group Racing,Race,805,R
2018 SUBARU #1 Adrian Flux SUBARU Racing Levorg GT,SUBARU #1 Levorg,3272,2018,SUBARU,#1 Adrian Flux SUBARU Racing Levorg GT,Forza Touring Cars,Race,673,A
2018 Saleen S1,Saleen S1 '18,3276,2018,Saleen,S1,Modern Sport GT,Factory,694,A
2020 Ford Mustang Shelby GT500,Ford GT500 '20,3277,2020,Ford,Mustang Shelby GT500,Modern Sport Touring,Factory,724,S
2018 Saleen S302 Black Label,Saleen S302,3278,2018,Saleen,S302 Black Label,Modern Sport Touring,Factory,681,A
2015 Cadillac #3 Cadillac Racing ATS-V.R,Cadillac #3 ATS,3281,2015,Cadillac,#3 Cadillac Racing ATS-V.R,Forza GT3,Race,824,R
2018 Cadillac #57 TA CTS-V,Cadillac #57 CTS,3283,2018,Cadillac,#57 TA CTS-V,Forza T/A,Race,897,R
2019 Hennessey Camaro Exorcist,Exorcist '19,3284,2019,Hennessey,Camaro Exorcist,Modern Exotic GT,Tuner,725,S
2019 Brabham BT62,Brabham BT62 '19,3285,2019,Brabham,BT62,Modern Factory Racecars,Race,911,P
2018 Audi TT RS,Audi TT RS '18,3286,2018,Audi,TT RS,Modern Sport Coupe,Factory,643,A
1991 Jaguar Sport XJR-15,Jag. XJR-15 '91,3287,1991,Jaguar,Sport XJR-15,Exotic GT Classics,Factory,740,S
2018 Lamborghini Aventador SVJ,L. Aventador '18,3289,2018,Lamborghini,Aventador SVJ,Modern Exotic GT,Factory,823,R
2019 Dodge #9 American V8 Road Racing TA Challenger,Dodge #9 C,3292,2019,Dodge,#9 American V8 Road Racing TA Challenger,Forza T/A,Race,898,R
1993 Jaguar XJ220S TWR,Jag. XJ220S '93,3293,1993,Jaguar,XJ220S TWR,Exotic GT Classics,Factory,786,S
1981 Porsche #1 Porsche System Engineering 924 GTP Le Mans,,3298,1981,Porsche,#1 Porsche System Engineering 924 GTP Le Mans,GTX Sportscars,Race,,S
1986 Lotus #12 Team Lotus 98T,Lotus #12 98T,3301,1986,Lotus,#12 Team Lotus 98T,Grand Prix Rivals,Race,999,X
2019 Nissan 370Z Nismo,Nissan 370Z N 19,3307,2019,Nissan,370Z Nismo,Modern Sport Coupe,Factory,525,B
1965 Lotus #1 Team Lotus Type 40,Lotus Type 40,3309,1965,Lotus,#1 Team Lotus Type 40,Vintage Le Mans Prototypes,Race,736,S
1990 Oldsmobile #75 Cutlass Supreme Trans Am,Olds #75 Cutlass,3310,1990,Oldsmobile,#75 Cutlass Supreme Trans Am,GTX Sportscars,Race,814,R
2018 Ferrari FXX-K Evo,Ferrari FXX-K E,3311,2018,Ferrari,FXX-K Evo,Modern Factory Racecars,Race,934,P
2019 Ferrari Monza SP2,Ferrari Monza 19,3312,2019,Ferrari,Monza SP2,Modern Exotic GT,Factory,766,S
2020 Koenigsegg Jesko,Koe. Jesko '20,3315,2020,Koenigsegg,Jesko,Modern Hypercars,Factory,941,P
1985 Buick #6 Performance Motorsports Somerset Regal Trans-Am,Buick #6 Regal,3316,1985,Buick,#6 Performance Motorsports Somerset Regal Trans-Am,GTX Sportscars,Race,771,S
2018 Audi RS 4 Avant,Audi RS 4 '18,3318,2018,Audi,RS 4 Avant,Modern Sport Touring,Factory,637,A
2019 Italdesign DaVinci Concept,DaVinci,3320,2019,Italdesign,DaVinci Concept,GT Cars,Factory,809,S1
2019 Elemental RP1,Elemental Rp1 19,3334,2019,Elemental,RP1,Track Toys,Factory,784,S
1988 Nissan #24 Nissan Motorsports International R88C,Nissan #24 R88C,3338,1988,Nissan,#24 Nissan Motorsports International R88C,GTP/C,Race,955,P
2021 Audi RS e-tron GT,Audi RS e-tron,3359,2021,Audi,RS e-tron GT,Sport Luxury,Factory,706,S
2020 Automobili Pininfarina Battista,Battista '20,3360,2020,Automobili Pininfarina,Battista,Modern Hypercars,Factory,924,P
1983 Nissan #23 Nissan Motorsports Silvia Super Silhouette,Nis. #23 Silvia,3362,1983,Nissan,#23 Nissan Motorsports Silvia Super Silhouette,GTX Sportscars,Race,800,S
1998 Nissan #23 Pennzoil NISMO Skyline GT-R,Nis. #23 GT-R,3363,1998,Nissan,#23 Pennzoil NISMO Skyline GT-R,GTX Sportscars,Race,811,R
2019 Aston Martin Valhalla Concept Car,AM Valhalla '19,3364,2019,Aston Martin,Valhalla Concept Car,Modern Hypercars,Factory,927,P
2016 Ligier #11 Euro International JS P3,Ligier #11 JS P3,3365,2016,Ligier,#11 Euro International JS P3,Forza P3,Race,897,R
2016 NIO EP9,NIO EP9 '16,3366,2016,NIO,EP9,Modern Hypercars,Factory,961,P
2019 Ferrari F8 Tributo,Ferrari F8 T '19,3367,2019,Ferrari,F8 Tributo,Modern Exotic GT,Factory,766,S
2020 Chevrolet Corvette Stingray Coupe,Chev. C8 '20,3369,2020,Chevrolet,Corvette Stingray Coupe,Modern Sport GT,Factory,678,A
2020 Lamborghini Huracán EVO,L. Huracán E '20,3371,2020,Lamborghini,Huracán EVO,Modern Sport GT,Factory,752,S
2019 Toyota 4Runner TRD Pro,Toyota 4Runner,3373,2019,Toyota,4Runner TRD Pro,Pickups & 4x4s,Factory,531,C
2019 Toyota Tacoma TRD Pro,Toyota Tacoma,3374,2019,Toyota,Tacoma TRD Pro,Pickups & 4x4s,Factory,518,C
2001 Formula Drift #215 Nissan Silvia Spec-R,#215 FD Silvia,3392,2001,Formula Drift,#215 Nissan Silvia Spec-R,Formula Drift,Race,801,R
1967 Renault 8 Gordini,Ren. 8 G '67,3395,1967,Renault,8 Gordini,Vintage Sport Compact,Factory,228,E
2020 Toyota GR Supra,Toyota Supra '20,3402,2020,Toyota,GR Supra,Modern Sport Coupe,Factory,578,B
1977 Renault #15 Equipe Renault Elf R.S. 01,Renault #15 RS01,3403,1977,Renault,#15 Equipe Renault Elf R.S. 01,Formula 70s,Race,828,R
1995 Formula Drift #34 Toyota Supra MKIV,FD #34 Supra,3411,1995,Formula Drift,#34 Toyota Supra MKIV,Formula Drift,Race,813,R
2019 SUBARU STI S209,SUBARU STI '19,3412,2019,SUBARU,STI S209,Modern Sport Compact,Factory,547,B
2021 Volkswagen Golf R,VW Golf R '21,3413,2021,Volkswagen,Golf R,Modern Hot Hatch,Factory,488,C
2019 Toyota 86 TRD SE,Toyota 86 '19,3418,2019,Toyota,86 TRD SE,Modern Sport Compact,Factory,376,D
2020 Toyota Tundra TRD Pro,Toyota Tundra,3419,2020,Toyota,Tundra TRD Pro,Pickups & 4x4s,Factory,562,C
2020 Acura #6 ARX-05 DPi,Acura #6 ARX-05,3420,2020,Acura,#6 ARX-05 DPi,Forza Proto-H,Race,943,P
2019 Ginetta G55 GT4,Ginetta G55 GT4,3427,2019,Ginetta,G55 GT4,Forza GT4,Race,723,S
2019 Ginetta G40 Junior,Ginetta G40 Jr,3429,2019,Ginetta,G40 Junior,G40 Junior Spec,Race,300,E
2020 BMW M2 Competition Coupé,BMW M2 '20,3434,2020,BMW,M2 Competition Coupé,Modern Sport Coupe,Factory,588,B
1988 Chevrolet #77 Beretta Trans Am,Chev #77 Beretta,3435,1988,Chevrolet,#77 Beretta Trans Am,GTX Sportscars,Race,758,S
1970 Ford #15 Mustang Boss 302 Trans Am,Ford #15 Mustang,3436,1970,Ford,#15 Mustang Boss 302 Trans Am,Vintage Trans Am,Race,584,B
2020 McLaren GT,McL. GT '20,3437,2020,McLaren,GT,Modern Exotic GT,Factory,710,S
1961 DeBerti Ford Econoline 'Shop Rod',,3438,1961,DeBerti,Ford Econoline 'Shop Rod',Rods and Customs,Tuner,,
2019 DeBerti Ford Super Duty F-250 Lariat 'Transformer',DeBerti F-250,3439,2019,DeBerti,Ford Super Duty F-250 Lariat 'Transformer',Unlimited Offroad,Tuner,665,B
2020 Porsche Taycan Turbo S,P. Taycan '20,3445,2020,Porsche,Taycan Turbo S,Sport Luxury,Factory,749,S
2020 Lotus Evija,Lotus Evija '20,3449,2020,Lotus,Evija,Modern Exotic GT,Factory,931,P
2020 Audi TT RS Coupe,Audi TT RS '20,3453,2020,Audi,TT RS Coupe,Modern Sport Coupe,Factory,643,A
2020 Audi RS 3 Sedan,Audi RS 3 '20,3454,2020,Audi,RS 3 Sedan,Modern Sport Coupe,Factory,621,A
2020 Lexus #14 VASSER SULLIVAN RC F GT3,Lexus #14 RC F,3457,2020,Lexus,#14 VASSER SULLIVAN RC F GT3,Forza GT3,Race,784,S
2019 Ginetta #6 Team LNT Ginetta G60-LT-P1,Ginetta #6 G60,3460,2019,Ginetta,#6 Team LNT Ginetta G60-LT-P1,Forza P1,Race,981,P
2020 Chevrolet Silverado LT Trail Boss,,3477,2020,Chevrolet,Silverado LT Trail Boss,Pickups & 4x4s,Factory,,
2021 McLaren 765LT Coupe,McL. 765 '21,3482,2021,McLaren,765LT Coupe,Modern Sport GT,Factory,830,R
2020 Chevrolet #3 Corvette Racing C8.R,Chev. #3 C8,3490,2020,Chevrolet,#3 Corvette Racing C8.R,Forza GT2,Race,821,R
2020 KTM X-Bow GT2,KTM X-Bow GT2,3492,2020,KTM,X-Bow GT2,Modern Factory Racecars,Race,849,R
1999 Nissan #23 NISMO Clarion R391,Nissan #23 R391,3497,1999,Nissan,#23 NISMO Clarion R391,Early LMP,Race,955,P
2017 Saleen S7 LM,Saleen S7 LM,3498,2017,Saleen,S7 LM,Modern Exotic GT,Factory,860,R
2020 Saleen Sportruck XR Black Label,Sportruck XR,3499,2020,Saleen,Sportruck XR Black Label,Pickups & 4x4s,Factory,666,B
1974 Porsche #1 911 RSR,#1 Porsche 911,3506,1974,Porsche,#1 911 RSR,GTX Sportscars,Race,705,S
1964 Brabham BT8,Brabham BT8,3517,1964,Brabham,BT8,Vintage Le Mans Sportscars,Race,538,B
2020 BMW M8 Competition Coupé,BMW M8 '20,3518,2020,BMW,M8 Competition Coupé,Sport Luxury,Factory,720,S
2021 Lexus LC 500,Lexus LC 500 '21,3520,2021,Lexus,LC 500,Sport Luxury,Factory,542,B
1984 Toyota #25 Horsepower Techs Starlet Time Attack,#25 Starlet TA,3521,1984,Toyota,#25 Horsepower Techs Starlet Time Attack,Forza Specials,Race,801,R3
2020 Formula Drift #151 Toyota GR Supra,FD #151 GR Supra,3523,2020,Formula Drift,#151 Toyota GR Supra,Formula Drift,Race,801,R
"1975 Forsberg Racing Nissan ""Gold Leader"" Datsun 280Z",Datsun 280Z,3529,1975,Forsberg Racing,"Nissan ""Gold Leader"" Datsun 280Z",Formula Drift,Race,791,A
2021 Forsberg Racing Nissan 'Altimaniac',Altimaniac,3530,2021,Forsberg Racing,Nissan 'Altimaniac',Drift Cars,Race,881,S1
2020 Hyundai #98 Bryan Herta Autosport Veloster N,#98 Veloster,3532,2020,Hyundai,#98 Bryan Herta Autosport Veloster N,Forza Touring Cars,Race,692,A
2022 Volkswagen Golf R,VW Golf R '22,3533,2022,Volkswagen,Golf R,Modern Hot Hatch,Factory,489,C
2021 MINI John Cooper Works GP,MINI JCW GP '21,3534,2021,MINI,John Cooper Works GP,Modern Hot Hatch,Factory,570,B
2020 MG #20 MG6 XPower,MG #20 MG6,3537,2020,MG,#20 MG6 XPower,Forza Touring Cars,Race,716,S
1964 Chevron B16,Chevron B16,3541,1964,Chevron,B16,Vintage Le Mans Prototypes,Race,654,A
2022 Pagani Huayra R,Pagani Huayra 22,3543,2022,Pagani,Huayra R,Modern Factory Racecars,Race,925,P
2020 Honda #73 LA Honda World Racing Civic,Honda #73 Civic,3545,2020,Honda,#73 LA Honda World Racing Civic,Forza Touring Cars,Race,693,A
2020 Lexus RC F Track Edition,Lexus RC F T '20,3546,2020,Lexus,RC F Track Edition,Modern Sport Coupe,Factory,575,B
2020 Xpeng P7,Xpeng P7 '20,3547,2020,Xpeng,P7,Modern Sport Touring,Factory,558,B
2013 Wuling Sunshine S,Wuling Sunshine,3548,2013,Wuling,Sunshine S,Vans & Utility,Factory,207,D
2021 Alumi Craft #122 Class 1 Buggy,#122 AC Class 1,3549,2021,Alumi Craft,#122 Class 1 Buggy,Unlimited Buggies,Race,689,B
2020 Formula Drift #91 BMW M2,#91 BMW M2,3551,2020,Formula Drift,#91 BMW M2,Formula Drift,Race,801,R
2020 Lynk & Co #62 Cyan Racing 03,Lynk #62 03,3552,2020,Lynk & Co,#62 Cyan Racing 03,Forza Touring Cars,Race,688,A
2005 Mitsubishi #1 Sierra Sierra Enterprises Lancer Evolution Time Attack,#1 Evolution TA,3554,2005,Mitsubishi,#1 Sierra Sierra Enterprises Lancer Evolution Time Attack,Forza Specials,Race,640,P
2011 BMW X5 M Forza Edition,BMW X5M FE,3556,2011,BMW,X5 M Forza Edition,Extreme Track Toys,Upgraded,998,S2
1953 Chevrolet Corvette Forza Edition,Corvette '53 FE,3559,1953,Chevrolet,Corvette Forza Edition,Classic Racers,Upgraded,800,A
2021 Aston Martin DBX,AM DBX '21,3580,2021,Aston Martin,DBX,Sports Utility Heroes,Factory,732,A
2021 Audi RS 6 Avant,Audi RS 6 '21,3583,2021,Audi,RS 6 Avant,Sport Luxury,Factory,658,A
2021 Audi RS 7 Sportback,Audi RS 7 '21,3584,2021,Audi,RS 7 Sportback,Sport Luxury,Factory,656,A
1972 Chevrolet K10 Custom,Chevy K10 '72,3590,1972,Chevrolet,K10 Custom,Pickups & 4x4s,Factory,369,D
2020 Ferrari Roma,Ferrari Roma '20,3594,2020,Ferrari,Roma,Modern Exotic GT,Factory,707,S
2020 Ferrari SF90 Stradale,Ferrari SF90 '20,3595,2020,Ferrari,SF90 Stradale,Modern Exotic GT,Factory,854,R
1986 Ford F-150 XLT Lariat,Ford F-150 '86,3597,1986,Ford,F-150 XLT Lariat,Pickups & 4x4s,Factory,357,D
2022 Gordon Murray Automotive T.50,GMA T.50,3599,2022,Gordon Murray Automotive,T.50,Modern Exotic GT,Factory,859,R
2019 Casey Currie Motorsports #4402 Ultra 4 'Trophy Jeep',#4402 Ultra 4,3603,2019,Casey Currie Motorsports,#4402 Ultra 4 'Trophy Jeep',Unlimited Offroad,Race,745,A
2020 Lamborghini Essenza SCV12,L. Essenza SCV12,3606,2020,Lamborghini,Essenza SCV12,Modern Factory Racecars,Factory,923,P
2020 Mercedes-AMG GT Black Series,M-AMG GT '20,3616,2020,Mercedes-AMG,GT Black Series,Modern Sport GT,Factory,801,R
2023 Nissan Z,Nissan Z '23,3620,2023,Nissan,Z,Modern Sport Coupe,Factory,546,B
2020 Nissan GT-R NISMO (R35),Nissan GT-R N 20,3622,2020,Nissan,GT-R NISMO (R35),Modern Sport GT,Factory,722,S
2021 Rimac Nevera,Rimac Nevera '21,3625,2021,Rimac,Nevera,Modern Hypercars,Factory,886,R
2021 Toyota GR Yaris,,3629,2021,Toyota,GR Yaris,Modern Hot Hatch,Factory,,B
2022 Aston Martin Valkyrie AMR Pro,AM AMR Pro '22,3631,2022,Aston Martin,Valkyrie AMR Pro,Modern Factory Racecars,Race,999,X
2019 Lamborghini Sián FKP 37,L. Sián '19,3633,2019,Lamborghini,Sián FKP 37,Modern Hypercars,Factory,806,R
2021 BMW M3 Competition Sedan,BMW M3 '21,3644,2021,BMW,M3 Competition Sedan,Modern Sport Touring,Factory,642,A
2021 BMW M4 Competition Coupé,BMW M4 '21,3645,2021,BMW,M4 Competition Coupé,Modern Sport Touring,Factory,641,A
2021 Mercedes-AMG Mercedes-AMG ONE,M-AMG ONE '21,3650,2021,Mercedes-AMG,Mercedes-AMG ONE,Modern Hypercars,Factory,912,P
2020 Oreca #38 Performance Tech Motorsports Oreca 07,#38 Oreca 07 '20,3652,2020,Oreca,#38 Performance Tech Motorsports Oreca 07,Forza P2,Race,940,P
2021 McLaren 620R,McL. 620 '21,3655,2021,McLaren,620R,Modern Sport GT,Factory,752,S
2022 Rivian R1T,Rivian R1T,3657,2022,Rivian,R1T,Pickups & 4x4s,Factory,,
2022 Rivian R1S,Rivian R1S,3658,2022,Rivian,R1S,Sports Utility Heroes,Factory,,
2021 RJ Anderson #37 Polaris RZR Pro 4 Truck,#37 Pro 4 Truck,3662,2021,RJ Anderson,#37 Polaris RZR Pro 4 Truck,Unlimited Offroad,Race,776,A
2021 Porsche 911 GT3,P. 911 GT3 '21,3667,2021,Porsche,911 GT3,Modern Sport GT,Factory,737,S
2023 McLaren Artura,McL. Artura '23,3668,2023,McLaren,Artura,Modern Exotic GT,Factory,751,S
2021 Cadillac #31 Whelen Racing DPi-V.R,Cadillac #31 Dpi,3669,2021,Cadillac,#31 Whelen Racing DPi-V.R,Forza Proto-H,Race,950,P
2020 Lamborghini Huracán STO,L. Huracán S '20,3672,2020,Lamborghini,Huracán STO,Modern Sport GT,Factory,766,S
2020 Lamborghini SC20,Lambo SC20,3673,2020,Lamborghini,SC20,Hypercars,Factory,884,S1
2021 Hyundai #98 Bryan Herta Autosport Elantra N,#98 Elantra,3676,2021,Hyundai,#98 Bryan Herta Autosport Elantra N,Forza Touring Cars,Race,670,A
2021 Lynk & Co 03+,Lynk 03 '21,3677,2021,Lynk & Co,03+,Modern Sport Compact,Factory,415,C
2020 Hyundai i30 N,Hyundai i30 N,3678,2020,Hyundai,i30 N,Modern Hot Hatch,Factory,466,C
1998 Toyota Supra RZ 'Welcome Pack',Supra '98 WP,3681,1998,Toyota,Supra RZ 'Welcome Pack',Retro Sports Cars,Upgraded,800,A
2018 Apollo Intensa Emozione 'Welcome Pack',Apollo IE WP,3682,2018,Apollo,Intensa Emozione 'Welcome Pack',Extreme Track Toys,Upgraded,998,S2
2021 Polaris RZR Pro XP Factory Racing Limited Edition,RZR Racing,3686,2021,Polaris,RZR Pro XP Factory Racing Limited Edition,UTV's,Race,516,C
2021 MG MG6 XPower,MG MG6 '21,3689,2021,MG,MG6 XPower,Modern Sport Touring,Factory,518,B
2022 Alumi Craft #6165 Trick Truck,#6165 Truck,3693,2022,Alumi Craft,#6165 Trick Truck,Unlimited Offroad,Race,596,C
1967 Shelby GT 500,Shelby GT500 '67,3696,1967,Shelby,GT 500,Vintage Muscle,Factory,336,D
2021 Porsche Mission R,Porsche MissionR,3698,2021,Porsche,Mission R,Mission R Spec,Race,879,R
2021 McLaren Sabre,McL. Sabre '21,3700,2021,McLaren,Sabre,Modern Hypercars,Factory,786,S
1970 Hot Wheels Pontiac Firebird Trans Am Custom,HW Trans Am,3706,1970,Hot Wheels,Pontiac Firebird Trans Am Custom,Track Toys,Tuner,894,S1
2023 Lotus Emira,Lotus Emira '23,3716,2023,Lotus,Emira,Modern Sport GT,Factory,600,B
2022 Cadillac CT4-V Blackwing,Cadillac CT4 '22,3719,2022,Cadillac,CT4-V Blackwing,Modern Sport Touring,Factory,577,B
2022 Cadillac CT5-V Blackwing,Cadillac CT5 '22,3720,2022,Cadillac,CT5-V Blackwing,Modern Sport Touring,Factory,638,A
2022 GMC HUMMER EV Pickup,HUMMER EV Truck,3722,2022,GMC,HUMMER EV Pickup,Pickups & 4x4s,Factory,718,A
2022 Ferrari 296 GTB,Ferrari 296 GTB,3724,2022,Ferrari,296 GTB,Modern Sport GT,Factory,786,S
2022 BMW i4 eDrive40,BMW i4 '22,3734,2022,BMW,i4 eDrive40,Super Saloons,Factory,,
2022 SUBARU BRZ,SUBARU BRZ '22,3735,2022,SUBARU,BRZ,Modern Sport Compact,Factory,428,C
2022 Ford Bronco Raptor,,3736,2022,Ford,Bronco Raptor,Pickups & 4x4s,Factory,,
2022 BMW iX xDrive50,BMW iX '22,3737,2022,BMW,iX xDrive50,Sports Utility Heroes,Factory,,
1996 Formula Drift #51 Donut Media Nissan 240SX,#51 Nissan 240SX,3741,1996,Formula Drift,#51 Donut Media Nissan 240SX,Drift Cars,Race,822,S1
2003 Nissan Donut Media 350Z 'Hi Car',350Z Hi Car,3742,2003,Nissan,Donut Media 350Z 'Hi Car',Track Toys,Tuner,792,A
2004 Nissan Donut Media 350Z 'Low Car',350Z Low Car,3743,2004,Nissan,Donut Media 350Z 'Low Car',Track Toys,Tuner,733,A
2023 Formula Drift #64 Forsberg Racing Nissan Z,#64 Nissan Z,3744,2023,Formula Drift,#64 Forsberg Racing Nissan Z,Drift Cars,Race,854,S1
2020 Audi R8 V10 performance,Audi R8 '20,3745,2020,Audi,R8 V10 performance,Modern Sport GT,Factory,753,S
2022 CUPRA Formentor VZ5,Formentor '22,3746,2022,CUPRA,Formentor VZ5,Sports Utility Heroes,Factory,740,A
2022 CUPRA Tavascan Concept,Tavascan '22,3747,2022,CUPRA,Tavascan Concept,Sports Utility Heroes,Factory,677,B
2023 Lamborghini Huracán Tecnica,Huracán Tecnica,3753,2023,Lamborghini,Huracán Tecnica,Modern Supercars,Factory,850,S1
2024 Czinger 21C,,3757,2024,Czinger,21C,Extreme Track Toys,Factory,,
2022 Lamborghini Huracán EVO Spyder,Huracán Spyder,3759,2022,Lamborghini,Huracán EVO Spyder,Modern Sport GT,Factory,736,S
2022 Porsche 718 Cayman GT4 RS,P. 718 GT4 '22,3760,2022,Porsche,718 Cayman GT4 RS,Modern Sport Coupe,Factory,730,S
2022 Toyota GR86,Toyota GR86 '22,3761,2022,Toyota,GR86,Modern Sport Compact,Factory,404,C
2018 Aston Martin #97 AMR Vantage GTE,#97 Vantage GTE,3762,2018,Aston Martin,#97 AMR Vantage GTE,Forza GT2,Race,822,R
2023 BMW M2,BMW M2 '23,3763,2023,BMW,M2,Modern Sport Coupe,Factory,599,B
2023 Chevrolet Corvette Z06,Chev. C8 Z06 '23,3766,2023,Chevrolet,Corvette Z06,Modern Sport GT,Factory,757,S
2022 Acura NSX Type S,,3767,2022,Acura,NSX Type S,Modern Sport GT,Factory,,
2024 Chevrolet Corvette E-Ray,Chev. E-Ray '24,3771,2024,Chevrolet,Corvette E-Ray,Modern Sport GT,Factory,759,S
2021 Lamborghini Countach LPI 800-4,,3774,2021,Lamborghini,Countach LPI 800-4,Modern Hypercars,Factory,,S
2023 Porsche 911 GT3 RS,P. 911 GT3 RS 23,3781,2023,Porsche,911 GT3 RS,Modern Sport GT,Factory,783,S
2023 Cadillac #31 Whelen Engineering Cadillac Racing V-Series.R,Cadillac #31 LM,3792,2023,Cadillac,#31 Whelen Engineering Cadillac Racing V-Series.R,Forza Proto-H,Livery,941,P
2023 Meyers Manx 2.0,,3795,2023,Meyers,Manx 2.0,Buggies,Factory,,
2017 Mazda MX-5 Cup,Mazda MX-5 C '17,3798,2017,Mazda,MX-5 Cup,Forza Specials,Race,477,C
2020 Chevrolet Corvette Stingray Coupe Forza Edition,Chev. C8 FE '20,3800,2020,Chevrolet,Corvette Stingray Coupe Forza Edition,Modern Sport GT,Upgraded,700,A
2018 Chevrolet Camaro ZL1 1LE Forza Edition,Chev. Camaro FE,3801,2018,Chevrolet,Camaro ZL1 1LE Forza Edition,Modern Sport Touring,Upgraded,700,A
2019 Hyundai Veloster N Forza Edition,Veloster FE '19,3802,2019,Hyundai,Veloster N Forza Edition,Modern Hot Hatch,Upgraded,497,C
2016 Mercedes-AMG C 63 S Coupé Forza Edition,M-AMG C 63 FE,3803,2016,Mercedes-AMG,C 63 S Coupé Forza Edition,Modern Sport Touring,Upgraded,700,A
2019 SUBARU STI S209 Forza Edition,SUBARU STI FE,3804,2019,SUBARU,STI S209 Forza Edition,Modern Sport Compact,Upgraded,600,B
2018 Porsche 911 GT2 RS Forza Edition,Porsche 911 FE,3807,2018,Porsche,911 GT2 RS Forza Edition,Modern Sport GT,Upgraded,900,R
1956 Chevrolet Barbie Movie' Corvette EV,Barbie Corvette,3808,1956,Chevrolet,Barbie Movie' Corvette EV,Rods and Customs,Tuner,658,B
2022 GMC Barbie Movie' HUMMER EV PICKUP,Barbie HUMMER EV,3809,2022,GMC,Barbie Movie' HUMMER EV PICKUP,Pickups & 4x4s,Livery,718,A
2010 Nissan Tsuru,,3810,2010,Nissan,Tsuru,Retro Saloons,Factory,,
2023 Lucid Air Sapphire,,3811,2023,Lucid,Air Sapphire,Super Saloons,Factory,,
2022 Mazda MX-5 Miata RF,Mazda MX-5 RF,3823,2022,Mazda,MX-5 Miata RF,Modern Sport Compact,Factory,392,D
2023 Hyundai IONIQ 5 N,,3827,2023,Hyundai,IONIQ 5 N,Modern Hot Hatch,Factory,,A
1973 Fast and Furious Datsun 240Z 'Fast X',FAF 240Z,3832,1973,Fast and Furious,Datsun 240Z 'Fast X',Classic Sports Cars,Tuner,,
1966 Fast and Furious Chevrolet Impala Super Sport 'Fast X',FAF Impala,3835,1966,Fast and Furious,Chevrolet Impala Super Sport 'Fast X',Track Toys,Tuner,,
2022 Fast and Furious Dodge Charger SRT Hellcat Redeye Widebody 'Fast X',FAF Hellcat,3836,2022,Fast and Furious,Dodge Charger SRT Hellcat Redeye Widebody 'Fast X',Modern Muscle,Tuner,,
1970 Fast and Furious Dodge Charger 'Fast X',FAF Charger,3837,1970,Fast and Furious,Dodge Charger 'Fast X',Classic Muscle,Tuner,,
2022 Fast and Furious Flip Car 2.0 'Fast X',FAF Flip Car,3838,2022,Fast and Furious,Flip Car 2.0 'Fast X',Track Toys,Tuner,,
2024 Ford Mustang GT,Ford Mustang '24,3846,2024,Ford,Mustang GT,Modern Sport Touring,Factory,579,B
2024 Ford Mustang Dark Horse,Ford Dark Horse,3847,2024,Ford,Mustang Dark Horse,Modern Sport Touring,Factory,633,A
2024 Ford NASCAR Next Gen Mustang Dark Horse,NASCAR Mustang,3847,2024,Ford,NASCAR Next Gen Mustang Dark Horse,NASCAR,Race,855,R
2023 Toyota Camry TRD,Toyota Camry '23,3848,2023,Toyota,Camry TRD,Modern Sport Compact,Factory,412,C
2022 Hyundai Elantra N,Elantra N '22,3862,2022,Hyundai,Elantra N,Modern Sport Compact,Factory,480,C
2023 Cadillac #01 Cadillac Racing V-Series.R,Cadillac #01 LM,3866,2023,Cadillac,#01 Cadillac Racing V-Series.R,Forza Proto-H,Race,941,P
2023 Cadillac #2 Cadillac Racing V-Series.R,Cadillac #2 LM,3867,2023,Cadillac,#2 Cadillac Racing V-Series.R,Forza Proto-H,Livery,941,P
2024 Ford #88 Mustang RTR,#88 Mustang RTR,3868,2024,Ford,#88 Mustang RTR,Formula Drift,Livery,810,R
2024 Ford #25 Mustang RTR,#25 Mustang RTR,3870,2024,Ford,#25 Mustang RTR,Formula Drift,Race,810,R
2024 Lamborghini SC63,Lambo. SC63 '24,3874,2024,Lamborghini,SC63,Forza Proto-H,Factory,956,P
2024 Porsche #5 Porsche Penske Motorsport 963,#5 Porsche 963,3876,2024,Porsche,#5 Porsche Penske Motorsport 963,Forza Proto-H,Race,957,P
1995 Mitsubishi Lancer Evolution III GSR,Mit. Evo III '95,3886,1995,Mitsubishi,Lancer Evolution III GSR,Early Sport Compact,Factory,449,C
1976 BMW #1 BMW 3.0 CSL,#1 3.0 CSL '76,3888,1976,BMW,#1 BMW 3.0 CSL,GTX Sportscars,Livery,739,S
2024 Lamborghini Revuelto,Revuelto '24,3891,2024,Lamborghini,Revuelto,Modern Exotic GT,Factory,834,R
2020 Lotus Evora GT430,,3906,2020,Lotus,Evora GT430,Modern Sport Coupe,Factory,,A
2023 BMW #25 BMW Team RLL M Hybrid V8,#25 M Hybrid '23,3913,2023,BMW,#25 BMW Team RLL M Hybrid V8,Forza Proto-H,Race,954,P
1997 Toyota Mark II Tourer V JXZ100,Mk2 Tourer V '97,3915,1997,Toyota,Mark II Tourer V JXZ100,Sport Touring Classics,Factory,381,D
2024 Ford #130 Mustang RTR,#130 Mustang RTR,3916,2024,Ford,#130 Mustang RTR,Formula Drift,Race,837,R
2023 BMW #96 Turner Motorsports M4 GT3,#96 BMW M4 GT3,3919,2023,BMW,#96 Turner Motorsports M4 GT3,Forza GT3,Race,838,R
2024 Nissan Z NISMO,,3921,2024,Nissan,Z NISMO,Modern Sport Coupe,Factory,,B
2021 Hyundai i20 N,Hyundai i20 N,3928,2021,Hyundai,i20 N,Modern Hot Hatch,Factory,438,C
2023 Porsche 911 GT3 R,911 GT3 R '23,3951,2023,Porsche,911 GT3 R,Forza GT3,Race,820,P
2023 Porsche 911 Turbo S,,3953,2023,Porsche,911 Turbo S,Modern Sport GT,Factory,,S
1969 Chevrolet Camaro Jordan Luka 3 Motorsport Edition,Camaro JL3,3972,1969,Chevrolet,Camaro Jordan Luka 3 Motorsport Edition,Vintage Muscle,Tuner,693,A
2024 Toyota NASCAR Next Gen Camry XSE,NASCAR Camry,3993,2024,Toyota,NASCAR Next Gen Camry XSE,NASCAR,Race,855,R
2024 Chevrolet NASCAR Next Gen Camaro ZL1,NASCAR Camaro,3994,2024,Chevrolet,NASCAR Next Gen Camaro ZL1,NASCAR,Race,855,R
2024 Ford Mustang GT3,Ford Mustang GT3,4026,2024,Ford,Mustang GT3,Forza GT3,Race,829,R
1994 Ford Supervan 3 'Donut Media Edition',Supervan 3 DME,9007,1994,Ford,Supervan 3 'Donut Media Edition',Track Toys,Tuner,900,S1
2013 Abarth Punto Supersport,Abarth Punto,,2013,Abarth,Punto Supersport,Modern Hot Hatch,Factory,363,D
2010 Abarth 500 esseesse,Fiat Abarth 500,,2010,Abarth,500 esseesse,Hot Hatch,Factory,563,C
2017 Acura NSX Forza Edition,,,2017,Acura,NSX Forza Edition,Sport GT,Upgraded,773,S
2010 Acura TSX V6,,,2010,Acura,TSX V6,Sedan,Factory,375,C
2009 Acura #66 de Ferran Motorsports ARX-02a,,,2009,Acura,#66 de Ferran Motorsports ARX-02a,P1 Racing,Race,990,R1
2009 Acura #66 de Ferran Motorsports Jim Hall Tribute ARX-02a,,,2009,Acura,#66 de Ferran Motorsports Jim Hall Tribute ARX-02a,P1 Racing,Livery,989,R1
2008 Acura #15 Lowe's Fernandez ARX-01b,,,2008,Acura,#15 Lowe's Fernandez ARX-01b,P2,Race,954,R1
2008 Acura #26 Andretti-Green Racing ARX-01b,,,2008,Acura,#26 Andretti-Green Racing ARX-01b,P2,Livery,954,R1
2008 Acura #66 de Ferran Motorsports ARX-01b,,,2008,Acura,#66 de Ferran Motorsports ARX-01b,P2,Livery,954,R1
2006 Acura RL A-Spec,,,2006,Acura,RL A-Spec,,Factory,399,D
2005 Acura Forza Motorsport NSX,,,2005,Acura,Forza Motorsport NSX,Coupe,Upgraded,711,R3
2005 Acura NSX,,,2005,Acura,NSX,Sports,Factory,476,B
2003 Acura 3.2 CL Type-S,,,2003,Acura,3.2 CL Type-S,,Factory,,D2
2002 Acura #42 Realtime Racing NSX,#42 Acura NSX,,2002,Acura,#42 Realtime Racing NSX,GT3,Race,657,S
2000 Acura VIS Racing Integra Type-R,VIS Integra,,2000,Acura,VIS Racing Integra Type-R,,Race,507,C
1997 Acura NSX,,,1997,Acura,NSX,Sports,Factory,471,B
2020 Alejandra's Flatbed Truck,,,2020,Alejandra's,Flatbed Truck,,Traffic,,
2018 Alfa Romeo Stelvio Quadrifoglio,Alfa Romeo Stelvio,,2018,Alfa Romeo,Stelvio Quadrifoglio,Sports Utility Heroes,Factory,752,A
2016 Alfa Romeo Giulia Quadrifoglio Forza Edition,Alfa Giulia FE,,2016,Alfa Romeo,Giulia Quadrifoglio Forza Edition,Super Saloons,Upgraded,812,S1
2011 Alfa Romeo TZ3 Stradale Zagato,,,2011,Alfa Romeo,TZ3 Stradale Zagato,Sports,Factory,664,S
2010 Alfa Romeo 8C Spider,,,2010,Alfa Romeo,8C Spider,Open Top,Factory,556,A
2009 Alfa Romeo Brera Italia Independent,,,2009,Alfa Romeo,Brera Italia Independent,Hatch,Factory,347,D
2008 Alfa Romeo MiTo,,,2008,Alfa Romeo,MiTo,Hatch,Factory,292,D
2007 Alfa Romeo 8C Competizione Forza Edition,Alfa Romeo 8C FE,,2007,Alfa Romeo,8C Competizione Forza Edition,GT Cars,Upgraded,855,S1
1992 Alfa Romeo Milano Quadrifoglio Verde,Alfa Milano,,1992,Alfa Romeo,Milano Quadrifoglio Verde,Early Sport Touring,Factory,291,E
1990 Alfa Romeo SZ Sprint Zagato,Alfa Romeo SZ,,1990,Alfa Romeo,SZ Sprint Zagato,Early Sport Touring,Factory,369,D
1986 Alfa Romeo GTV-6,Alfa Romeo GTV-6,,1986,Alfa Romeo,GTV-6,Early Sport Touring,Factory,276,E
1986 Alfa Romeo Spider Quadrifoglio Verde,Alfa Spider,,1986,Alfa Romeo,Spider Quadrifoglio Verde,Sport Compact Icons,Factory,259,E
1970 Alfa Romeo Montreal,Alfa Montreal,,1970,Alfa Romeo,Montreal,Vintage Sport GT,Factory,288,E
1958 Alfa Romeo Giulietta Sprint Veloce,Giulietta '58,,1958,Alfa Romeo,Giulietta Sprint Veloce,Vintage Sport Compact,Factory,228,E
1950 Alfa Romeo 158,Alfa Romeo 158,,1950,Alfa Romeo,158,The Birth of Grand Prix,Race,574,B
1934 Alfa Romeo P3,Alfa Romeo P3,,1934,Alfa Romeo,P3,Vintage Racers,Race,626,B
1932 Alfa Romeo 8C 2300 Spider,Alfa 8C '32,,1932,Alfa Romeo,8C 2300 Spider,The Birth of Grand Prix,Race,290,E
2015 Alumi Craft Class 10 Race Car Forza Edition,Alumi Craft FE,,2015,Alumi Craft,Class 10 Race Car Forza Edition,Offroad Buggies,Upgraded,679,B
1977 AMC Pacer X,AMC Pacer,,1977,AMC,Pacer X,Hot Hatch Genesis,Factory,209,E
2017 Aston Martin DB11 PreOrder Car,AM DB11 PO,,2017,Aston Martin,DB11 PreOrder Car,Super GT,Upgraded,900,S1
2016 Aston Martin Vulcan Forza Edition,AM Vulcan FE,,2016,Aston Martin,Vulcan Forza Edition,Extreme Track Toys,Upgraded,955,S2
2012 Aston Martin V12 Zagato,AM V12 Zagato,,2012,Aston Martin,V12 Zagato,Sport GT,Factory,622,A
2012 Aston Martin Vanquish,AM Vanquish,,2012,Aston Martin,Vanquish,Super GT,Factory,802,S1
2012 Aston Martin Vanquish (Ltd. Ed.),,,2012,Aston Martin,Vanquish (Ltd. Ed.),Modern GT,Upgraded,,
2012 Aston Martin Virage,,,2012,Aston Martin,Virage,Sports,Factory,555,A
2011 Aston Martin #009 Aston Martin Racing AMR One,,,2011,Aston Martin,#009 Aston Martin Racing AMR One,P1 Racing,Race,976,R1
2011 Aston Martin #6 Muscle Milk Aston Martin Lola,,,2011,Aston Martin,#6 Muscle Milk Aston Martin Lola,P1 Racing,Livery,989,R1
2011 Aston Martin Cygnet,,,2011,Aston Martin,Cygnet,City,Factory,157,F
2011 Aston Martin V12 Zagato (Villa d'Este),,,2011,Aston Martin,V12 Zagato (Villa d'Este),Super GT,Factory,842,S1
2010 Aston Martin Rapide,,,2010,Aston Martin,Rapide,Sedan,Factory,517,A
2010 Aston Martin V12 Vantage,,,2010,Aston Martin,V12 Vantage,Sports,Factory,561,A
2009 Aston Martin #007 Aston Martin Lola,,,2009,Aston Martin,#007 Aston Martin Lola,P1 Racing,Race,989,R1
2008 Aston Martin #008 Bell Motorsports DBR9,,,2008,Aston Martin,#008 Bell Motorsports DBR9,GT1,Livery,826,R2
2008 Aston Martin #009 Aston Martin Racing DBR9,,,2008,Aston Martin,#009 Aston Martin Racing DBR9,GT1,Livery,825,R2
2008 Aston Martin Team Forza DBS,,,2008,Aston Martin,Team Forza DBS,Exotic GT,Upgraded,,
2006 Aston Martin #007 Aston Martin Racing DBR9,#07 AM DBR9,,2006,Aston Martin,#007 Aston Martin Racing DBR9,Forza GT,Race,881,R
2005 Aston Martin DB9 Coupe,,,2005,Aston Martin,DB9 Coupe,Sports,Factory,526,A
2005 Aston Martin Forza Motorsport DB9 Coupe,,,2005,Aston Martin,Forza Motorsport DB9 Coupe,Coupe,Upgraded,661,S
2003 Aston Martin DB7 Zagato,,,2003,Aston Martin,DB7 Zagato,Sports,Factory,509,A
1990 Aston Martin Lagonda,,,1990,Aston Martin,Lagonda,,Factory,,
1977 Aston Martin V8 Vantage,AM Vantage '77,,1977,Aston Martin,V8 Vantage,Vintage Sport GT,Factory,396,D
2016 Audi R8 V10 plus PreOrder Edition,,,2016,Audi,R8 V10 plus PreOrder Edition,Modern Super Cars,Upgraded,900,S1
2015 Audi S3 Sedan,Audi S3,,2015,Audi,S3 Sedan,Sport Compact,Factory,497,C
2015 Audi Team Forza TTS Coupe,,,2015,Audi,Team Forza TTS Coupe,Ultimate SpoCom,Livery,,
2014 Audi #45 Flying Lizard Motorsports R8 LMS Ultra,#45 Audi R8 LMS,,2014,Audi,#45 Flying Lizard Motorsports R8 LMS Ultra,Forza GT,Race,997,P
2014 Audi #67 Rotek Racing S3 Saloon,#67 Audi S3,,2014,Audi,#67 Rotek Racing S3 Saloon,Forza Touring Cars,Race,743,S
2013 Audi S4,,,2013,Audi,S4,Modern Sports Cars,Factory,738,A
2013 Audi Team Forza R8 Coupe V10 plus 5.2 FSI quattro,Audi R8 5.2 TF,,2013,Audi,Team Forza R8 Coupe V10 plus 5.2 FSI quattro,Exotic GT,Upgraded,,
2013 Audi Team Forza RS 7 Sportback,,,2013,Audi,Team Forza RS 7 Sportback,Executive Heavyweights,Upgraded,,
2012 Audi #1 Audi Sport Team Joest R18 e-tron quattro,#1 Audi R18 '12,,2012,Audi,#1 Audi Sport Team Joest R18 e-tron quattro,Forza P1,Race,992,P
2012 Audi R8 GT Spyder,,,2012,Audi,R8 GT Spyder,Open Top,Factory,626,S
2011 Audi #02 Audi A4 Touring Car,,,2011,Audi,#02 Audi A4 Touring Car,GTC,Race,833,R2
2011 Audi #03 Audi A4 Touring Car,,,2011,Audi,#03 Audi A4 Touring Car,GTC,Livery,833,R2
2011 Audi #04 Audi A4 Touring Car,,,2011,Audi,#04 Audi A4 Touring Car,GTC,Livery,833,R2
2011 Audi #05 Audi A4 Touring Car,,,2011,Audi,#05 Audi A4 Touring Car,GTC,Livery,833,R2
2011 Audi #06 Audi A4 Touring Car,,,2011,Audi,#06 Audi A4 Touring Car,GTC,Livery,833,R2
2011 Audi #2 Audi Sport Team Joest R15++ TDI,#2 Audi R15,,2011,Audi,#2 Audi Sport Team Joest R15++ TDI,Forza P1,Race,983,P
2011 Audi #2 Audi Sport Team Joest R18 TDI,,,2011,Audi,#2 Audi Sport Team Joest R18 TDI,P1 Racing,Race,986,R1
2011 Audi #4 Forza Motorsport R10 TDI,,,2011,Audi,#4 Forza Motorsport R10 TDI,P1 Racing,Livery,991,R1
2011 Audi R8 GT,,,2011,Audi,R8 GT,Super,Factory,648,S
2011 Audi RS 3 Sportback (Ltd. Ed.),,,2011,Audi,RS 3 Sportback (Ltd. Ed.),Modern Sport Compact,Upgraded,,
2010 Audi Forza Motorsport R8 5.2 FSI quattro,,,2010,Audi,Forza Motorsport R8 5.2 FSI quattro,Coupe,Upgraded,687,S
2010 Audi Forza Ultimate R8 5.2 FSI quattro,,,2010,Audi,Forza Ultimate R8 5.2 FSI quattro,,Livery,558,A
2010 Audi Forza Ultimate TT RS Coupe,,,2010,Audi,Forza Ultimate TT RS Coupe,,Livery,442,B
2010 Audi R8 5.2 Community Edition,,,2010,Audi,R8 5.2 Community Edition,,Livery,,
2010 Audi R8 5.2 FSI Quattro (painted/tuned),,,2010,Audi,R8 5.2 FSI Quattro (painted/tuned),Modern GT,Upgraded,,
2010 Audi S4,,,2010,Audi,S4,Sedan,Factory,509,A
2010 Audi TT RS Coupe (Day One),,,2010,Audi,TT RS Coupe (Day One),Coupster,Upgraded,,
2009 Audi #2 Audi Sport Team Joest R15 TDI,,,2009,Audi,#2 Audi Sport Team Joest R15 TDI,P1 Racing,Race,995,R1
2009 Audi Forza Ultimate R15 TDI,,,2009,Audi,Forza Ultimate R15 TDI,,Livery,983,R1
2009 Audi Q7 V12 TDI,Audi Q7,,2009,Audi,Q7 V12 TDI,Modern SUV,Factory,425,C
2009 Audi R8 LMS,,,2009,Audi,R8 LMS,GT3,Race,744,R3
2008 Audi #2 Audi Sport North America R10 TDI,,,2008,Audi,#2 Audi Sport North America R10 TDI,P1 Racing,Race,991,R1
2008 Audi A4 Touring Car,,,2008,Audi,A4 Touring Car,GT,Race,814,R2
2008 Audi R8 4.2,,,2008,Audi,R8 4.2,Sports,Factory,590,A
2007 Audi S5,,,2007,Audi,S5,Sports,Factory,502,A
2007 Audi TT Coupe S-Line,,,2007,Audi,TT Coupe S-Line,Sports,Factory,467,B
2006 Audi #2 Audi Sport North America R8,#2 Audi R8,,2006,Audi,#2 Audi Sport North America R8,Endurance Prototypes,Race,,
2006 Audi #8 Audi Sport Team Joest Audi R10 TDI,,,2006,Audi,#8 Audi Sport Team Joest Audi R10 TDI,P1 Racing,Livery,978,R1
2004 Audi #5 Audi Sport Japan Team Goh R8,#5 Audi R8,,2004,Audi,#5 Audi Sport Japan Team Goh R8,Endurance Prototypes,Race,,
2004 Audi #8 Audi ABT TT-R,,,2004,Audi,#8 Audi ABT TT-R,GTC,Race,827,R2
2004 Audi #88 Audi Sport UK Team Veloqx R8,,,2004,Audi,#88 Audi Sport UK Team Veloqx R8,,Livery,,R1
2004 Audi TT Coupe 3.2 quattro,,,2004,Audi,TT Coupe 3.2 quattro,Sports,Factory,421,C
2003 Audi #1 Champion RS6,,,2003,Audi,#1 Champion RS6,GT3,Race,655,S
2002 Audi #1 Champion S4 Competition,,,2002,Audi,#1 Champion S4 Competition,GT3,Race,644,S
2002 Audi #1 Infineon Audi R8,,,2002,Audi,#1 Infineon Audi R8,,Race,,R1
2001 Audi #38 Champion R8,,,2001,Audi,#38 Champion R8,,Livery,,P1
2001 Audi #4 Johansson Motorsport R8,,,2001,Audi,#4 Johansson Motorsport R8,P1 Racing,Livery,937,R1
2000 Audi AWE Tuning SilverBullet S4,,,2000,Audi,AWE Tuning SilverBullet S4,,Tuner,832,A
2000 Audi S4,,,2000,Audi,S4,Sedan,Factory,415,C
1983 Audi Sport quattro LCE Livery,,,1983,Audi,Sport quattro LCE Livery,Sports,Livery,434,B
1964 Austin FX4 Taxi,Austin Taxi,,1964,Austin,FX4 Taxi,Cult Cars,Factory,100,D
1924 Austin Seven,Austin Seven,,1924,Austin,Seven,Rare Classics,Factory,100,D
1993 Autozam AZ-1,,,1993,Autozam,AZ-1,Retro Hot Hatch,Factory,,
2014 BAC Mono Horizon Edition,,,2014,BAC,Mono Horizon Edition,Extreme Track Toys,Upgraded,900,S1
2015 Baldwin #97 Monster Energy Trophy Truck,,,2015,Baldwin,#97 Monster Energy Trophy Truck,Extreme Offroad,Race,796,A
2021 Bentley Continental GT Convertible,,,2021,Bentley,Continental GT Convertible,GT Cars,Factory,,
2021 Bentley Flying Spur,,,2021,Bentley,Flying Spur,Super Saloons,Factory,,
2017 Bentley #17A LIQUI MOLY M-Sport Continental GT3,#17 Bentley GT3,,2017,Bentley,#17A LIQUI MOLY M-Sport Continental GT3,Forza GT,Race,831,R
2015 Bentley EXP 10 Speed 6 Concept,Bentley Speed 6,,2015,Bentley,EXP 10 Speed 6 Concept,Sport Luxury,Factory,670,A
2013 Bentley Continental GT Speed,Bentley Cont '13,,2013,Bentley,Continental GT Speed,GT Cars,Factory,774,A
2013 Bentley Continental GT Speed Forza Edition,Bentley Cont FE,,2013,Bentley,Continental GT Speed Forza Edition,Track Toys,Upgraded,835,S1
2012 Bentley Continental GT,,,2012,Bentley,Continental GT,Sports,Factory,522,A
2011 Bentley Platinum Motorsports Continental GT,,,2011,Bentley,Platinum Motorsports Continental GT,Sports,Tuner,545,A
2010 Bentley Continental Supersports,,,2010,Bentley,Continental Supersports,Sports,Factory,567,A
2004 Bentley Continental GT,,,2004,Bentley,Continental GT,Sports,Factory,501,A
2010 Bertone Mantide,,,2010,Bertone,Mantide,Super,Factory,645,S
2022 BMW M5 CS,,,2022,BMW,M5 CS,Super Saloons,Factory,,
2018 BMW i8 Roadster,BMW I8 Roadster,,2018,BMW,i8 Roadster,Modern Super Cars,Factory,776,A
2014 BMW #5 Ebay Motors 125i M Sport,#5 BMW 125.i,,2014,BMW,#5 Ebay Motors 125i M Sport,Forza Touring Cars,Race,742,S
2014 BMW #55 BMW Team RLL Z4 GTE,#55 BMW Z4 GTE,,2014,BMW,#55 BMW Team RLL Z4 GTE,Forza GT,Race,814,R
2014 BMW #56 BMW Team RLL Z4 GTE,#56 BMW Z4 GTE,,2014,BMW,#56 BMW Team RLL Z4 GTE,Forza GT,Livery,814,R
2014 BMW M235i,BMW M235i '14,,2014,BMW,M235i,Super Saloons,Factory,700,B
2014 BMW M4 Coupe Forza Edition,BMW M4 '14 FE,,2014,BMW,M4 Coupe Forza Edition,Sport Touring,Upgraded,672,A
2014 BMW M4 Coupe Horizon Edition,,,2014,BMW,M4 Coupe Horizon Edition,Super Saloons,Upgraded,826,S1
2014 BMW Team Forza M4 Coupe,,,2014,BMW,Team Forza M4 Coupe,Ultimate Sport Machines,Livery,,
2013 BMW M Performance M3 Racing,,,2013,BMW,M Performance M3 Racing,German Touring Cars,Race,,
2013 BMW M135i,,,2013,BMW,M135i,Hatch,Factory,484,B
2013 BMW M6 Coupe Forza Edition,BMW M6 '13 FE,,2013,BMW,M6 Coupe Forza Edition,GT Cars,Upgraded,780,A
2012 BMW M5 F10 Design Challenge,,,2012,BMW,M5 F10 Design Challenge,Sedan,Livery,532,A
2012 BMW Team Forza M5,BMW M5 TF,,2012,BMW,Team Forza M5,Executive Heavyweights,Upgraded,,
2012 BMW Z4 sDrive28i,,,2012,BMW,Z4 sDrive28i,Open Top,Factory,414,B
2011 BMW X5 M Traffic,,,2011,BMW,X5 M Traffic,,Traffic,,
2011 BMW Z4 sDrive35is,BMW Z4 '11,,2011,BMW,Z4 sDrive35is,Modern Sports Cars,Factory,727,A
2010 BMW #79 Jeff Koons M3 GT2 Art Car,,,2010,BMW,#79 Jeff Koons M3 GT2 Art Car,GT2,Livery,756,R3
2010 BMW M6 Coupe Design Challenge,,,2010,BMW,M6 Coupe Design Challenge,Sports,Livery,509,A
2010 BMW X6 M,,,2010,BMW,X6 M,SUV,Factory,506,A
2010 BMW Z4 GT3,,,2010,BMW,Z4 GT3,GT3,Race,721,R3
2009 BMW #92 Rahal Letterman Racing M3 GT2,#92 BMW M3 GT2,,2009,BMW,#92 Rahal Letterman Racing M3 GT2,Forza GT,Race,827,R
2009 BMW 135i Coupe,,,2009,BMW,135i Coupe,Sports,Factory,454,B
2009 BMW GAME M3 E92,,,2009,BMW,GAME M3 E92,,Livery,,
2009 BMW Gamestop M5 E60,,,2009,BMW,Gamestop M5 E60,,Livery,,
2009 BMW Micromania M5 E60,,,2009,BMW,Micromania M5 E60,,Livery,,
2009 BMW Walmart M5 E60,,,2009,BMW,Walmart M5 E60,,Livery,,
2009 BMW X5 xDrive48i,,,2009,BMW,X5 xDrive48i,SUV,Factory,184,F
2008 BMW M3 Design Challenge,,,2008,BMW,M3 Design Challenge,Sports,Livery,508,A
2008 BMW Z4 M Coupe Design Challenge,,,2008,BMW,Z4 M Coupe Design Challenge,Sports,Livery,492,B
2005 BMW #2 BMW M3 GTR,,,2005,BMW,#2 BMW M3 GTR,GT2,Race,735,R3
2003 BMW #42 M3-GTR,,,2003,BMW,#42 M3-GTR,,Livery,,GTS
2003 BMW #43 M3-GTR,,,2003,BMW,#43 M3-GTR,,Race,,GTS
2001 BMW #6 Prototype Technology Group M3 GTR,,,2001,BMW,#6 Prototype Technology Group M3 GTR,GT2,Livery,735,R3
1997 BMW #42 McLaren F1-GTR,,,1997,BMW,#42 McLaren F1-GTR,,Livery,,P1
1997 BMW M3 Forza Edition,BMW M3 '97 FE,,1997,BMW,M3 Forza Edition,Early Sport Touring,Upgraded,520,B
1997 BMW M3 Horizon Edition,,,1997,BMW,M3 Horizon Edition,Retro Saloons,Upgraded,775,A
1995 BMW 850CSi Forza Edition,BMW 850CSi FE,,1995,BMW,850CSi Forza Edition,Early Sport Luxury,Upgraded,,
1991 BMW M3 Forza Edition,BMW M3 '91 FE,,1991,BMW,M3 Forza Edition,Early Sport Touring,Upgraded,,
1988 BMW M5 Forza Edition,BMW M5 '88 FE,,1988,BMW,M5 Forza Edition,Retro Saloons,Upgraded,601,B
1981 BMW M1 Design Challenge,,,1981,BMW,M1 Design Challenge,Sports,Livery,451,B
1975 BMW #93 Herve Poulain 3.0 CSL,#93 BMW CSL,,1975,BMW,#93 Herve Poulain 3.0 CSL,Early GT Racing,Livery,,
1971 BMW 3.0 CSL,,,1971,BMW,3.0 CSL,Sports,Factory,255,E
1959 BMW 507,BMW 507,,1959,BMW,507,Vintage Sport Coupe,Factory,272,E
1939 BMW 328,BMW 328 '39,,1939,BMW,328,Forza Specials,Factory,214,E
2012 Bowler EXR S,Bowler EXR S,,2012,Bowler,EXR S,Extreme Offroad,Factory,760,A
1977 Brabham #8 Motor Racing Developments BT45B,#8 Brabham BT45B,,1977,Brabham,#8 Motor Racing Developments BT45B,Formula 70s,Race,922,P
2009 Bugatti Veyron 16.4,,,2009,Bugatti,Veyron 16.4,Super,Factory,756,R3
2016 Cadillac ATS-V Forza Edition,Caddy ATS-V FE,,2016,Cadillac,ATS-V Forza Edition,Sport Luxury,Upgraded,650,A
2012 Cadillac Escalade ESV,Caddy Escalade,,2012,Cadillac,Escalade ESV,Sports Utility Heroes,Factory,564,C
2012 Cadillac Escalade ESV Forza Edition,Escalade FE,,2012,Cadillac,Escalade ESV Forza Edition,Modern SUV,Upgraded,,
2011 Cadillac CTS-V Coupe,Caddy CTS-V '11,,2011,Cadillac,CTS-V Coupe,Sport Luxury,Factory,567,B
2009 Cadillac CTS-V,,,2009,Cadillac,CTS-V,Sedan,Factory,517,A
2008 Cadillac #8 Remington Shaving CTS-V,,,2008,Cadillac,#8 Remington Shaving CTS-V,GT3,Race,690,S
2004 Cadillac #16 Team Cadillac CTS-V,,,2004,Cadillac,#16 Team Cadillac CTS-V,GT3,Livery,690,S
2004 Cadillac CTS-V,,,2004,Cadillac,CTS-V,Sedan,Factory,462,B
2002 Cadillac #6 Team Cadillac Northstar LMP-02,,,2002,Cadillac,#6 Team Cadillac Northstar LMP-02,P1,Race,975,R1
1959 Cadillac Eldorado Biarritz Convertible,Cadillac '59,,1959,Cadillac,Eldorado Biarritz Convertible,Rods and Customs,Factory,400,D
2013 Caparo T1,Caparo T1,,2013,Caparo,T1,? none/Hypercar Toys,Factory,,
2013 Caterham Superlight R500 Forza Edition,Caterham R500 FE,,2013,Caterham,Superlight R500 Forza Edition,Track Toys,Upgraded,804,S1
2019 Chevrolet #2 Team Penske Dallara,#2 IndyCar '19,,2019,Chevrolet,#2 Team Penske Dallara,IndyCar,Race,999,X
2019 Chevrolet #22 Team Penske Dallara,#22 IndyCar '19,,2019,Chevrolet,#22 Team Penske Dallara,IndyCar,Livery,999,X
2019 Chevrolet Corvette ZR1 Pace Car,Corvette PaceCar,,2019,Chevrolet,Corvette ZR1 Pace Car,Sport GT,Factory,772,S1
2017 Chevrolet #2 Team Penske IndyCar,#2 Chevy IndyCar,,2017,Chevrolet,#2 Team Penske IndyCar,IndyCar,Race,999,X
2017 Chevrolet #24 Hendrick Motorsports KBB Super Sport,#24 Chevy KBB,,2017,Chevrolet,#24 Hendrick Motorsports KBB Super Sport,NASCAR,Livery,833,R
2017 Chevrolet #24 Hendrick Motorsports Mountain Dew Super Sport,#24 Chevy Dew,,2017,Chevrolet,#24 Hendrick Motorsports Mountain Dew Super Sport,NASCAR,Race,833,R
2017 Chevrolet #24 Hendrick Motorsports NAPA Super Sport,#24 Chevy NAPA,,2017,Chevrolet,#24 Hendrick Motorsports NAPA Super Sport,NASCAR,Livery,833,R
2017 Chevrolet #4 AJ Foyt Enterprises IndyCar,#4 Chevy IndyCar,,2017,Chevrolet,#4 AJ Foyt Enterprises IndyCar,IndyCar,Livery,999,X
2017 Chevrolet Camaro ZL1 Forza Edition,Camaro '17 FE,,2017,Chevrolet,Camaro ZL1 Forza Edition,Sport Touring,Upgraded,675,A
2017 Chevrolet Camaro ZL1 Preorder Car,Chevy Camaro PO,,2017,Chevrolet,Camaro ZL1 Preorder Car,Modern Muscle,Upgraded,900,S1
2017 Chevrolet Colorado ZR2 Traffic,,,2017,Chevrolet,Colorado ZR2 Traffic,,Traffic,,
2016 Chevrolet #1 Chip Ganassi Racing McDonald's Super Sport,#1 Ganassi Chevy,,2016,Chevrolet,#1 Chip Ganassi Racing McDonald's Super Sport,NASCAR,Race,,
2016 Chevrolet #10 Stewart-Haas Racing Nature's Bakery Super Sport,#10 Haas Chevy,,2016,Chevrolet,#10 Stewart-Haas Racing Nature's Bakery Super Sport,NASCAR,Livery,,
2016 Chevrolet #14 Stewart-Haas Racing Mobil 1 Super Sport,#14 Mobil1 Chevy,,2016,Chevrolet,#14 Stewart-Haas Racing Mobil 1 Super Sport,NASCAR,Livery,,
2016 Chevrolet #24 Hendrick Motorsports NAPA Super Sport,#24 NAPA Chevy,,2016,Chevrolet,#24 Hendrick Motorsports NAPA Super Sport,NASCAR,Livery,,
2016 Chevrolet #4 Stewart-Haas Racing Jimmy John’s Super Sport,,,2016,Chevrolet,#4 Stewart-Haas Racing Jimmy John’s Super Sport,NASCAR,Livery,,
2016 Chevrolet #4 Stewart-Haas Racing Outback Steakhouse Super Sport,,,2016,Chevrolet,#4 Stewart-Haas Racing Outback Steakhouse Super Sport,NASCAR,Livery,,
2016 Chevrolet #41 Stewart-Haas Racing Haas Automation Super Sport,,,2016,Chevrolet,#41 Stewart-Haas Racing Haas Automation Super Sport,NASCAR,Livery,,
2016 Chevrolet #42 Chip Ganassi Racing Target Super Sport,,,2016,Chevrolet,#42 Chip Ganassi Racing Target Super Sport,NASCAR,Livery,,
2016 Chevrolet #48 Hendrick Motorsports Lowe's Super Sport,#48 Lowe's Chevy,,2016,Chevrolet,#48 Hendrick Motorsports Lowe's Super Sport,NASCAR,Livery,,
2016 Chevrolet #5 Hendrick Motorsports FARMERS Insurance Super Sport,,,2016,Chevrolet,#5 Hendrick Motorsports FARMERS Insurance Super Sport,NASCAR,Livery,,
2016 Chevrolet #5 Hendrick Motorsports Great Clips Super Sport,,,2016,Chevrolet,#5 Hendrick Motorsports Great Clips Super Sport,NASCAR,Livery,,
2016 Chevrolet #88 Hendrick Motorsports Nationwide Insurance Super Sport,,,2016,Chevrolet,#88 Hendrick Motorsports Nationwide Insurance Super Sport,NASCAR,Livery,,
2015 Chevrolet #1 Team Penske IndyCar,#1 Chevy Indy,,2015,Chevrolet,#1 Team Penske IndyCar,IndyCar,Livery,,
2015 Chevrolet #67 CFH Racing IndyCar,#67 Chevy Indy,,2015,Chevrolet,#67 CFH Racing IndyCar,IndyCar,Race,,
2015 Chevrolet #9 Target Chip Ganassi Racing IndyCar,#9 Chevy Indy,,2015,Chevrolet,#9 Target Chip Ganassi Racing IndyCar,IndyCar,Livery,,
2015 Chevrolet Corvette Z06 Forza Edition,Corvette '15 FE,,2015,Chevrolet,Corvette Z06 Forza Edition,Sport GT,Upgraded,771,S
2015 Chevrolet Corvette Z06 Horizon Edition,,,2015,Chevrolet,Corvette Z06 Horizon Edition,Modern Muscle,Upgraded,883,S1
2014 Chevrolet #4 ROAL Motorsport RML Cruze TC1 WTCC,#4 Chevy Cruze,,2014,Chevrolet,#4 ROAL Motorsport RML Cruze TC1 WTCC,Forza Touring Cars,Race,750,S
2014 Chevrolet Corvette Stingray,,,2014,Chevrolet,Corvette Stingray,Modern GT,Factory,797,A
2014 Chevrolet Super Sport,Chevy SuperSport,,2014,Chevrolet,Super Sport,Sport Touring,Factory,523,B
2014 Chevrolet Super Sport Forza Edition,SuperSport FE,,2014,Chevrolet,Super Sport Forza Edition,Sport Touring,Upgraded,673,A
2013 Chevrolet #1 Andretti Autosport Dallara DW12,,,2013,Chevrolet,#1 Andretti Autosport Dallara DW12,Modern Indy,Race,607,A
2013 Chevrolet #12 Team Penske Dallara DW12,,,2013,Chevrolet,#12 Team Penske Dallara DW12,Modern Indy,Livery,,
2013 Chevrolet Summit Racing Pro Stock Camaro,,,2013,Chevrolet,Summit Racing Pro Stock Camaro,?,Race,,
2012 Chevrolet Camaro ZL1,Chevy Camaro '12,,2012,Chevrolet,Camaro ZL1,Sport Touring,Factory,631,A
2012 Chevrolet Camaro ZL1 (#88 Mt Dew Xbox livery),,,2012,Chevrolet,Camaro ZL1 (#88 Mt Dew Xbox livery),Modern Muscle Cars,Livery,,
2011 Chevrolet #04 Chevrolet Racing Monte Carlo SS Stock Car,,,2011,Chevrolet,#04 Chevrolet Racing Monte Carlo SS Stock Car,AmStock,Livery,730,R3
2011 Chevrolet #4 Corvette Racing ZR1,#4 Chevy ZR1,,2011,Chevrolet,#4 Corvette Racing ZR1,Forza GT,Race,825,R
2011 Chevrolet Spark,,,2011,Chevrolet,Spark,City,Factory,116,F
2011 Chevrolet Volt,,,2011,Chevrolet,Volt,Sedan,Factory,190,F
2010 Chevrolet #89 Intersport Racing Oreca FLM09,#89 Chevy FLM09,,2010,Chevrolet,#89 Intersport Racing Oreca FLM09,Forza P2,Livery,934,P
2010 Chevrolet #99 Green Earth Team Gunnar Oreca FLM09,#99 Chevy FLM09,,2010,Chevrolet,#99 Green Earth Team Gunnar Oreca FLM09,Forza P2,Livery,934,P
2010 Chevrolet Camaro SS,,,2010,Chevrolet,Camaro SS,Sports,Factory,481,B
2010 Chevrolet Cobalt SS Turbocharged,,,2010,Chevrolet,Cobalt SS Turbocharged,Sports,Factory,455,B
2010 Chevrolet Corvette Grand Sport,,,2010,Chevrolet,Corvette Grand Sport,Sports,Factory,561,A
2010 Chevrolet Corvette Grand Sport Convertible,,,2010,Chevrolet,Corvette Grand Sport Convertible,Open Top,Factory,573,A
2009 Chevrolet Aveo5 LT,,,2009,Chevrolet,Aveo5 LT,SubCom,Factory,102,F
2008 Chevrolet Monte Carlo SS Stock Car,,,2008,Chevrolet,Monte Carlo SS Stock Car,Coupe,Livery,715,R3
2007 Chevrolet #4 Corvette Racing C6.R,,,2007,Chevrolet,#4 Corvette Racing C6.R,GT1,Race,828,R2
2006 Chevrolet #4 Corvette Racing C6.R,,,2006,Chevrolet,#4 Corvette Racing C6.R,GT1,Race,823,R2
2006 Chevrolet Corvette Z06,,,2006,Chevrolet,Corvette Z06,Sports,Factory,589,A
2005 Chevrolet #31 Whelen Engineering Corvette Z06,,,2005,Chevrolet,#31 Whelen Engineering Corvette Z06,GT3,Race,713,R3
2005 Chevrolet #99 Tiger Racing Corvette Z06,,,2005,Chevrolet,#99 Tiger Racing Corvette Z06,GT3,Livery,711,R3
2005 Chevrolet Cobalt SS Coupe,,,2005,Chevrolet,Cobalt SS Coupe,Coupe,Factory,278,D
2005 Chevrolet Corvette C6,,,2005,Chevrolet,Corvette C6,,Factory,,A3
2004 Chevrolet #3 Corvette Racing C5.R,,,2004,Chevrolet,#3 Corvette Racing C5.R,GT1,Race,815,R2
2003 Chevrolet #50 Corvette Racing C5.R,,,2003,Chevrolet,#50 Corvette Racing C5.R,GT1,Livery,807,R2
2003 Chevrolet #73 3R-Racing Corvette Z06,,,2003,Chevrolet,#73 3R-Racing Corvette Z06,GT3,Livery,712,R3
2003 Chevrolet Corvette Guldstrand Edition,,,2003,Chevrolet,Corvette Guldstrand Edition,,Tuner,790,
2002 Chevrolet Lingenfelter 427 Corvette,,,2002,Chevrolet,Lingenfelter 427 Corvette,,Tuner,911,
1996 Chevrolet Corvette Grand Sport,,,1996,Chevrolet,Corvette Grand Sport,Sports,Factory,473,B
1990 Chevrolet #30 Douglas Shierson Racing Lola T90/00,Chevy Lola T9000,,1990,Chevrolet,#30 Douglas Shierson Racing Lola T90/00,IndyCar 90s,Race,,
1988 Chevrolet Monte Carlo Super Sport Forza Edition,Monte Carlo FE,,1988,Chevrolet,Monte Carlo Super Sport Forza Edition,Rebirth of Muscle,Upgraded,448,C
1971 Chevrolet Vega GT,Chevy Vega,,1971,Chevrolet,Vega GT,Vintage Sport Compact,Factory,247,E
1970 Chevrolet Chevelle Super Sport 454 Forza Edition,Chevelle '70 FE,,1970,Chevrolet,Chevelle Super Sport 454 Forza Edition,Classic Street Muscle,Upgraded,498,C
1970 Chevrolet Chevelle Super Sport 454 Horizon Edition,,,1970,Chevrolet,Chevelle Super Sport 454 Horizon Edition,Classic Street Muscle,Upgraded,604,B
1970 Chevrolet Chevelle Super Sport Barrett-Jackson Edition,Chevelle BJ '70,,1970,Chevrolet,Chevelle Super Sport Barrett-Jackson Edition,Classic Muscle,Tuner,757,A
1969 Chevrolet Camaro Super Sport Coupe Forza Edition,Camaro '69 FE,,1969,Chevrolet,Camaro Super Sport Coupe Forza Edition,Historic Road Racing,Upgraded,472,C
1969 Chevrolet Camaro Super Sport Coupe Horizon Edition,,,1969,Chevrolet,Camaro Super Sport Coupe Horizon Edition,Classic Muscle,Upgraded,612,B
1969 Chevrolet Camaro Z28,,,1969,Chevrolet,Camaro Z28,Sports,Factory,305,D
1969 Chevrolet Corvair Monza,,,1969,Chevrolet,Corvair Monza,Sports,Factory,137,F
1969 Chevrolet Nova Super Sport 396 Forza Edition,Nova '69 FE,,1969,Chevrolet,Nova Super Sport 396 Forza Edition,Classic Muscle,Upgraded,657,B
1967 Chevrolet Chevelle Super Sport 396,Chevelle '67,,1967,Chevrolet,Chevelle Super Sport 396,Classic Muscle,Factory,561,C
1966 Chevrolet Corvette F&F Edition,1966 Corvette FF,,1966,Chevrolet,Corvette F&F Edition,Fast & Furious,Tuner,552,B
1964 Chevrolet Impala Super Sport 409 Forza Edition,Chevy Impala FE,,1964,Chevrolet,Impala Super Sport 409 Forza Edition,Nostalgic Drag Racers,Upgraded,548,B
1963 Chevrolet Corvette Grand Sport F&F Edition,1963 Corvette FF,,1963,Chevrolet,Corvette Grand Sport F&F Edition,[custom],Tuner,,
1957 Chevrolet Bel Air Forza Edition,Chevy Bel Air FE,,1957,Chevrolet,Bel Air Forza Edition,Hot Rod Revival,Upgraded,,
1949 Chevrolet Fleetline Special F&F Edition,1949 Chevy FF,,1949,Chevrolet,Fleetline Special F&F Edition,Fast & Furious,Tuner,549,B
2012 Chrysler 300 SRT8,Chrysler 300,,2012,Chrysler,300 SRT8,Sport Touring,Factory,510,B
2008 Chrysler 300C SRT-8,,,2008,Chrysler,300C SRT-8,Sedan,Factory,461,B
2006 Chrysler Crossfire SRT6,,,2006,Chrysler,Crossfire SRT6,Sports,Factory,446,B
2005 Chrysler ME Four-Twelve Concept,,,2005,Chrysler,ME Four-Twelve Concept,,Factory,999,U
2004 Chrysler PT Cruiser GT,,,2004,Chrysler,PT Cruiser GT,Hatch,Factory,247,E
2069 Chryslus Rocket 69,Chryslus Rocket,,2069,Chryslus,Rocket 69,? none,Fantasy,,
2011 Citroen C1,,,2011,Citroen,C1,City,Factory,101,F
2011 Citroen DS3,,,2011,Citroen,DS3,Hatch,Factory,291,D
2011 Citroen DS4,,,2011,Citroen,DS4,Hatch,Factory,319,D
2009 Citroen C4 VTS,,,2009,Citroen,C4 VTS,Economy,Factory,275,E
1986 Citroen BX4TC,,,1986,Citroen,BX4TC,Retro Rally,Factory,,
1970 Citroen 2CV,Citroen 2CV,,1970,Citroen,2CV,Major Micros,Factory,100,E
2022 CUPRA UrbanRebel Concept,UrbanRebel '22,,2022,CUPRA,UrbanRebel Concept,Track Toys,Race,854,S1
1971 De Tomaso Pantera,,,1971,De Tomaso,Pantera,Sports,Factory,399,C
"2019 DeBerti Toyota Tacoma TRD ""The Performance Truck""",DD Tacoma TRD,,2019,DeBerti,"Toyota Tacoma TRD ""The Performance Truck""",Drift Cars,Tuner,836,S1
2018 DeBerti Chevrolet Silverado 1500 Drift Truck,Silverado DD,,2018,DeBerti,Chevrolet Silverado 1500 Drift Truck,Drift Cars,Tuner,798,A
2018 DeBerti F-150 Prerunner Truck,DeBerti F-150,,2018,DeBerti,F-150 Prerunner Truck,Unlimited Offroad,Tuner,691,B
2018 DeBerti Wrangler Unlimited,DeBerti Wrangler,,2018,DeBerti,Wrangler Unlimited,Unlimited Offroad,Tuner,749,A
1965 DeBerti Chevrolet C10 'Slayer',,,1965,DeBerti,Chevrolet C10 'Slayer',Rods and Customs,Tuner,,
1982 DeLorean DMC-12,DeLorean DMC-12,,1982,DeLorean,DMC-12,Retro Sports Cars,Factory,464,D
2010 Devon GTX GT3,,,2010,Devon,GTX GT3,Super,Factory,653,S
2022 Dodge Challenger SRT Super Stock,,,2022,Dodge,Challenger SRT Super Stock,Modern Muscle,Factory,,
2021 Dodge Durango SRT Hellcat,,,2021,Dodge,Durango SRT Hellcat,Sports Utility Heroes,Factory,,
2018 Dodge Demon F&F Edition,Dodge Demon FF,,2018,Dodge,Demon F&F Edition,Fast & Furious,Tuner,660,A
2018 Dodge Durango SRT,Dodge Durango,,2018,Dodge,Durango SRT,Sports Utility Heroes,Factory,666,B
2015 Dodge Challenger R/T F&F Edition,,,2015,Dodge,Challenger R/T F&F Edition,[custom],Tuner,800,A
2015 Dodge Challenger SRT Hellcat,Challenger '15,,2015,Dodge,Challenger SRT Hellcat,Modern Muscle,Factory,755,A
2015 Dodge Challenger SRT Hellcat Battletoads Edition,Challenger BT,,2015,Dodge,Challenger SRT Hellcat Battletoads Edition,Ultimate Sport Machines,Livery,,
2015 Dodge Challenger SRT Hellcat Horizon Edition,,,2015,Dodge,Challenger SRT Hellcat Horizon Edition,Modern Muscle,Upgraded,766,A
2015 Dodge Challenger SRT Hellcat PreOrder Car,,,2015,Dodge,Challenger SRT Hellcat PreOrder Car,Modern Muscle,Upgraded,800,A
2015 Dodge Charger R/T F&F Edition,,,2015,Dodge,Charger R/T F&F Edition,[custom],Tuner,800,A
2015 Dodge Team Forza Challenger SRT Hellcat,Challenger TF,,2015,Dodge,Team Forza Challenger SRT Hellcat,Ultimate Sport Machines,Livery,,
2013 Dodge Dart GT Forza Edition,Dart GT FE '13,,2013,Dodge,Dart GT Forza Edition,Sport Compact,Upgraded,516,B
2013 Dodge SRT Viper GTS Anniversary Edition,Viper '13 AE,,2013,Dodge,SRT Viper GTS Anniversary Edition,Modern Muscle,Upgraded,900,S1
2012 Dodge Challenger SRT8 392 (Day One livery),,,2012,Dodge,Challenger SRT8 392 (Day One livery),Modern Muscle Cars,Livery,746,A
2012 Dodge Charger SRT8,Dodge Charger 12,,2012,Dodge,Charger SRT8,Sport Touring,Factory,500,C
2012 Dodge Charger SRT8 LCE Livery,,,2012,Dodge,Charger SRT8 LCE Livery,Sedan,Livery,494,B
"2010 Dodge Quinton ""Rampage"" Jackson Challenger SRT8 ",,,2010,Dodge,"Quinton ""Rampage"" Jackson Challenger SRT8 ",Sports,Tuner,498,B
2009 Dodge Challenger SRT8,,,2009,Dodge,Challenger SRT8,Sports,Factory,464,B
2008 Dodge #11 Primetime Racing Group Viper CC,,,2008,Dodge,#11 Primetime Racing Group Viper CC,GT3,Livery,730,R3
2008 Dodge #2 Mopar Viper Competition Coupe,,,2008,Dodge,#2 Mopar Viper Competition Coupe,GT3,Race,730,R3
2008 Dodge Charger Stock Car,,,2008,Dodge,Charger Stock Car,Saloon,Livery,713,R3
2008 Dodge Magnum SRT8,Dodge Magnum,,2008,Dodge,Magnum SRT8,Modern Muscle,Factory,669,B
2008 Dodge Viper SRT10 ACR Forza Edition,,,2008,Dodge,Viper SRT10 ACR Forza Edition,Sport GT,Upgraded,774,S
2008 Dodge Viper SRT10 ACR Horizon Edition,,,2008,Dodge,Viper SRT10 ACR Horizon Edition,Modern Muscle,Upgraded,912,S2
2008 Dodge Xbox 360 Charger Stock Car,,,2008,Dodge,Xbox 360 Charger Stock Car,AmStock,Race,713,R3
2006 Dodge Challenger Concept,,,2006,Dodge,Challenger Concept,,Factory,594,B
2006 Dodge Charger SRT8,,,2006,Dodge,Charger SRT8,Sedan,Factory,456,B
2006 Dodge Ram SRT10,,,2006,Dodge,Ram SRT10,SUV,Factory,380,C
2005 Dodge #77 Team Zakspeed Viper ACR,,,2005,Dodge,#77 Team Zakspeed Viper ACR,,Race,,R3
2004 Dodge #22 3R-Racing Viper Comp Coupe,,,2004,Dodge,#22 3R-Racing Viper Comp Coupe,GT3,Race,712,R3
2003 Dodge #126 Team Zakspeed Viper GTS-R,,,2003,Dodge,#126 Team Zakspeed Viper GTS-R,GT2,Race,811,R2
2003 Dodge #23 Magellan Financial Viper Comp Coupe,,,2003,Dodge,#23 Magellan Financial Viper Comp Coupe,GT3,Livery,711,R3
2003 Dodge SRT4,,,2003,Dodge,SRT4,Saloon,Factory,343,D
2003 Dodge Viper Competition Coupe,,,2003,Dodge,Viper Competition Coupe,Super,Race,724,R3
2003 Dodge Viper SRT-10,,,2003,Dodge,Viper SRT-10,Sports,Factory,580,A
2002 Dodge #1 Team Zakspeed Viper GTS-R,,,2002,Dodge,#1 Team Zakspeed Viper GTS-R,GT1,Livery,768,R3
2001 Dodge #58 Larbre Competition Viper GTS-R,,,2001,Dodge,#58 Larbre Competition Viper GTS-R,,Race,,R3
2000 Dodge #57 Carsport Holland Viper GTS-R,,,2000,Dodge,#57 Carsport Holland Viper GTS-R,GT1,Livery,766,R3
2000 Dodge #91 Viper Team Oreca GTS-R,,,2000,Dodge,#91 Viper Team Oreca GTS-R,GT2,Race,823,R2
2000 Dodge Hennessey Viper 800TT,,,2000,Dodge,Hennessey Viper 800TT,,Tuner,953,S
1970 Dodge Challenger R/T Hemi,,,1970,Dodge,Challenger R/T Hemi,Coupe,Factory,347,D
1970 Dodge Charger R/T F&F Edition,1970 Charger FF,,1970,Dodge,Charger R/T F&F Edition,Rods and Customs,Tuner,,
1969 Dodge Charger Daytona F&F Edition,1969 Charger FF,,1969,Dodge,Charger Daytona F&F Edition,[custom],Tuner,,
1969 Dodge Charger Daytona HEMI Forza Edition,,,1969,Dodge,Charger Daytona HEMI Forza Edition,Historic Road Racing,Upgraded,,
1969 Dodge Charger R/T Forza Edition,Charger '69 FE,,1969,Dodge,Charger R/T Forza Edition,Track Toys,Upgraded,900,S1
1968 Dodge Charger F&F Edition,1968 Charger FF,,1968,Dodge,Charger F&F Edition,[custom],Tuner,,
1968 Dodge Charger F&F Edition (Ice),Ice Charger FF,,1968,Dodge,Charger F&F Edition (Ice),Fast & Furious,Tuner,681,A
1968 Dodge Dart HEMI Super Stock,Dodge Dart '68,,1968,Dodge,Dart HEMI Super Stock,Classic Muscle,Factory,650,B
1968 Dodge Dart HEMI Super Stock Forza Edition,Dodge Dart FE,,1968,Dodge,Dart HEMI Super Stock Forza Edition,Nostalgic Drag Racers,Upgraded,550,B
1968 Dodge Dart HEMI Super Stock Horizon Edition,,,1968,Dodge,Dart HEMI Super Stock Horizon Edition,Classic Muscle,Upgraded,762,A
1967 Dodge Coronet WO23,Dodge Coronet,,1967,Dodge,Coronet WO23,Nostalgic Drag Racers,Factory,391,D
1975 DS Automobiles DS 23,Citroen DS 23,,1975,DS Automobiles,DS 23,Cult Cars,Factory,262,D
2012 Eagle (U.K.) Speedster,Eagle Speedster,,2012,Eagle (U.K.),Speedster,Modern Sports Cars,Factory,723,A
2018 Exomotive Exocet Off-Road,Exocet Off-Road,,2018,Exomotive,Exocet Off-Road,Unlimited Buggies,Factory,682,B
2018 Exomotive Exocet Off-Road Forza Edition,Exocet OR FE,,2018,Exomotive,Exocet Off-Road Forza Edition,Rally Monsters,Upgraded,800,A
2022 Extreme E #125 ABT Cupra XE,#125 Extreme E,,2022,Extreme E,#125 ABT Cupra XE,Unlimited Offroad,Livery,748,A
2022 Extreme E #22 JBXE,#22 Extreme E,,2022,Extreme E,#22 JBXE,Unlimited Offroad,Livery,748,A
2022 Extreme E #23 Genesys Andretti United,#23 Extreme E,,2022,Extreme E,#23 Genesys Andretti United,Unlimited Offroad,Livery,748,A
2022 Extreme E #42 XITE Racing Team,#42 Extreme E,,2022,Extreme E,#42 XITE Racing Team,Unlimited Offroad,Livery,748,A
2022 Extreme E #44 X44,#44 Extreme E,,2022,Extreme E,#44 X44,Unlimited Offroad,Livery,748,A
2022 Extreme E #5 Veloce Racing,#5 Extreme E,,2022,Extreme E,#5 Veloce Racing,Unlimited Offroad,Livery,748,A
2022 Extreme E #55 ACCIONA / Sainz XE Team,# 55 Extreme E,,2022,Extreme E,#55 ACCIONA / Sainz XE Team,Unlimited Offroad,Livery,748,A
2022 Extreme E #58 McLaren Racing,#58 Extreme E,,2022,Extreme E,#58 McLaren Racing,Unlimited Offroad,Livery,748,A
2022 Extreme E #6 Rosberg X Racing,#6 Extreme E,,2022,Extreme E,#6 Rosberg X Racing,Unlimited Offroad,Livery,748,A
2022 Extreme E #99 Chip Ganassi Racing GMC Hummer EV,#99 Extreme E,,2022,Extreme E,#99 Chip Ganassi Racing GMC Hummer EV,Unlimited Offroad,Race,748,A
2017 Ferrari GTC4Lusso,Ferrari GTC4L,,2017,Ferrari,GTC4Lusso,Super GT,Factory,816,S1
2015 Ferrari 488 GTB PreOrder Edition,,,2015,Ferrari,488 GTB PreOrder Edition,Modern Super Cars,Upgraded,900,S1
2014 Ferrari #51 AF Corse 458 Italia GTE,#51 Ferrari 458,,2014,Ferrari,#51 AF Corse 458 Italia GTE,Forza GT,Race,848,R
2014 Ferrari #62 Risi Competizione 458 Italia GTLM,#62 F458 GTLM,,2014,Ferrari,#62 Risi Competizione 458 Italia GTLM,Forza GT,Race,848,R
2012 Ferrari F12berlinetta,Ferrari F12,,2012,Ferrari,F12berlinetta,Super GT,Factory,868,S1
2011 Ferrari 458 Challenge,,,2011,Ferrari,458 Challenge,Super,Factory,730,R3
2011 Ferrari 458 Spider,,,2011,Ferrari,458 Spider,Open Top,Factory,653,S
2011 Ferrari FF,Ferrari FF,,2011,Ferrari,FF,Modern Super Cars,Factory,815,S1
2010 Ferrari #83 Risi Competizione F430GT,,,2010,Ferrari,#83 Risi Competizione F430GT,GT2,Livery,763,R3
2010 Ferrari #89 Hankook Team Farnbacher F430GT,,,2010,Ferrari,#89 Hankook Team Farnbacher F430GT,GT2,Livery,763,R3
2010 Ferrari 599 GTO,Ferrari 599 GTO,,2010,Ferrari,599 GTO,Super GT,Factory,828,S1
2009 Ferrari Team Forza 458 Italia,Ferrari 458 TF,,2009,Ferrari,Team Forza 458 Italia,Exotic GT,Upgraded,,
2008 Ferrari #71 Tafel Racing F430 GT,,,2008,Ferrari,#71 Tafel Racing F430 GT,GT2,Livery,752,R3
2008 Ferrari #90 Farnbacher Racing F430GT,,,2008,Ferrari,#90 Farnbacher Racing F430GT,GT2,Livery,763,R3
2008 Ferrari California,Ferrari Cali,,2008,Ferrari,California,Sport Luxury,Factory,612,A
2006 Ferrari #62 Risi Competizione F430GT,,,2006,Ferrari,#62 Risi Competizione F430GT,GT2,Race,763,R3
2006 Ferrari 599 GTB Fiorano,,,2006,Ferrari,599 GTB Fiorano,Sports,Factory,630,S
2005 Ferrari #11 Larbre Competition 550 Maranello GTS,,,2005,Ferrari,#11 Larbre Competition 550 Maranello GTS,GT1,Livery,808,R2
2005 Ferrari FXX,Ferrari FXX,,2005,Ferrari,FXX,Extreme Track Toys,Race,956,S2
2004 Ferrari 612 Scaglietti,Ferrari 612,,2004,Ferrari,612 Scaglietti,Sport GT Icons,Factory,575,B
2004 Ferrari F430,,,2004,Ferrari,F430,Sports,Factory,598,A
2003 Ferrari #72 Team Alphand Aventures 550 Maranello GTS,,,2003,Ferrari,#72 Team Alphand Aventures 550 Maranello GTS,GT1,Livery,806,R2
2003 Ferrari #88 Veloqx / Prodrive Racing 550 Maranello,,,2003,Ferrari,#88 Veloqx / Prodrive Racing 550 Maranello,GT1,Race,805,R2
1999 Ferrari 360 Modena,,,1999,Ferrari,360 Modena,Sports,Factory,550,A
1998 Ferrari #30 MOMO Doran Racing F333 SP,#30 Ferrari F333,,1998,Ferrari,#30 MOMO Doran Racing F333 SP,Early Prototype Racers,Livery,985,P
1998 Ferrari 355 GTS,,,1998,Ferrari,355 GTS,,Factory,,A3
"1996 Ferrari F50 GT ""Welcome Pack""",Ferrari F50 WP,,1996,Ferrari,"F50 GT ""Welcome Pack""",Extreme Track Toys,Upgraded,998,S2
1995 Ferrari F355 Challenge,,,1995,Ferrari,F355 Challenge,Sports,Factory,548,A
1982 Ferrari #71 Ferrari France 512 BB/LM,#71 Ferrari BBLM,,1982,Ferrari,#71 Ferrari France 512 BB/LM,GT Racing Reborn,Livery,792,S
1971 Ferrari #2 Ferrari Automobili 312 P,#2 Ferrari 312 P,,1971,Ferrari,#2 Ferrari Automobili 312 P,Prototype Group Racing,Race,830,R
1968 Ferrari 365 GTB/4,Ferrari 365 GTB4,,1968,Ferrari,365 GTB/4,Rare Classics,Factory,637,B
1964 Ferrari 250 GTO,,,1964,Ferrari,250 GTO,Sports,Factory,440,B
1957 Ferrari 250 California,Ferrari 250 Cali,,1957,Ferrari,250 California,Rare Classics,Factory,564,C
1952 Ferrari 375,Ferrari 375,,1952,Ferrari,375,The Birth of Grand Prix,Race,623,A
1948 Ferrari 166MM Barchetta,Ferrari 166MM,,1948,Ferrari,166MM Barchetta,Classic Racers,Race,554,C
2010 FIAT Punto Evo SPORT,,,2010,FIAT,Punto Evo SPORT,Hatch,Factory,243,E
2000 FIAT Coupe 2.0 20V Turbo,,,2000,FIAT,Coupe 2.0 20V Turbo,Sports,Factory,411,C
1980 FIAT 124 Sport Spider,FIAT 124 Spider,,1980,FIAT,124 Sport Spider,Classic Sports Cars,Factory,288,D
1975 FIAT X1/9,FIAT X1/9,,1975,FIAT,X1/9,Classic Sports Cars,Factory,127,D
1952 FIAT 8V Supersonic,Fiat 8V,,1952,FIAT,8V Supersonic,Vintage Sport Coupe,Factory,245,E
2023 Ford F-150 Raptor R,,,2023,Ford,F-150 Raptor R,Pickups & 4x4s,Factory,,
2023 Ford Fiesta ST,,,2023,Ford,Fiesta ST,Hot Hatch,Factory,,
2022 Ford F-150 Lightning Platinum,F-150 Lightning,,2022,Ford,F-150 Lightning Platinum,Pickups & 4x4s,Factory,607,B
2022 Ford Fiesta ST,,,2022,Ford,Fiesta ST,,Factory,,
2022 Ford Supervan 4,,,2022,Ford,Supervan 4,Extreme Track Toys,Tuner,,
2021 Ford Bronco,Ford Bronco '21,,2021,Ford,Bronco,Pickups & 4x4s,Factory,560,C
2021 Ford Mustang Mach-E 1400,Ford Mach-E 1400,,2021,Ford,Mustang Mach-E 1400,Track Toys,Tuner,900,S1
2020 Ford #2069 Ford Performance Bronco R,Bronco R,,2020,Ford,#2069 Ford Performance Bronco R,Offroad,Race,544,C
2020 Ford #2069 Ford Performance Bronco R 'Welcome Pack',Bronco R WP,,2020,Ford,#2069 Ford Performance Bronco R 'Welcome Pack',Offroad,Upgraded,800,A
2020 Ford Super Duty F-450 DRW Platinum,Ford SD F-450,,2020,Ford,Super Duty F-450 DRW Platinum,Pickups & 4x4s,Factory,466,D
2019 Ford Ranger Raptor,Ranger Raptor,,2019,Ford,Ranger Raptor,Pickups & 4x4s,Factory,451,D
2019 Ford Ranger Raptor Traffic,,,2019,Ford,Ranger Raptor Traffic,,Traffic,,
2018 Ford #25 Mustang RTR,#25 RTR Mustang,,2018,Ford,#25 Mustang RTR,Drift Cars,Race,834,S1
2018 Ford #88 Mustang RTR,#88 RTR Mustang,,2018,Ford,#88 Mustang RTR,Drift Cars,Livery,834,S1
2018 Ford Mustang GT DeBerti Design,Ford Mustang DD,,2018,Ford,Mustang GT DeBerti Design,Modern Muscle,Tuner,835,S1
2018 Ford Mustang RTR Spec 5,Ford Mustang S5,,2018,Ford,Mustang RTR Spec 5,Modern Muscle,Tuner,757,A
2017 Ford #14 Rahal Letterman Lanigan Racing GRC Fiesta,#14 Ford Fiesta,,2017,Ford,#14 Rahal Letterman Lanigan Racing GRC Fiesta,Rally Monsters,Race,860,S1
2017 Ford #22 Team Penske Autotrader Fusion,#22 Ford Fusion,,2017,Ford,#22 Team Penske Autotrader Fusion,NASCAR,Livery,833,R
2017 Ford #22 Team Penske Duralast GT Fusion,#22 Ford Penske,,2017,Ford,#22 Team Penske Duralast GT Fusion,NASCAR,Livery,833,R
2017 Ford #22 Team Penske Pennzoil Fusion,#22 Ford Joey,,2017,Ford,#22 Team Penske Pennzoil Fusion,NASCAR,Race,833,R
2017 Ford #25 'Brocky' Ultra4 Bronco RTR,#25 Ford Bronco,,2017,Ford,#25 'Brocky' Ultra4 Bronco RTR,Unlimited Offroad,Race,748,A
2017 Ford F-150 Raptor,Ford Raptor '17,,2017,Ford,F-150 Raptor,Pickups & 4x4s,Factory,559,C
2017 Ford F-150 Raptor Forza Edition,Ford Raptor FE,,2017,Ford,F-150 Raptor Forza Edition,Modern Offroaders,Upgraded,399,D
2017 Ford F-150 Raptor Horizon Edition,,,2017,Ford,F-150 Raptor Horizon Edition,Offroad,Upgraded,738,A
2017 Ford F-150 Raptor Project Scorpio Edition,Ford Raptor PS,,2017,Ford,F-150 Raptor Project Scorpio Edition,Modern Offroaders,Tuner,335,D
2017 Ford F-150 Raptor Race Truck,Ford Raptor Race,,2017,Ford,F-150 Raptor Race Truck,Forza Trophy Trucks,Race,347,D
2017 Ford Focus RS Forza Edition,,,2017,Ford,Focus RS Forza Edition,Modern Hot Hatch,Upgraded,496,C
2017 Ford Focus RS Horizon Edition,,,2017,Ford,Focus RS Horizon Edition,Super Hot Hatch,Upgraded,784,A
2017 Ford Focus RS Preorder Car,Ford Focus PO,,2017,Ford,Focus RS Preorder Car,Super Hot Hatch,Upgraded,800,A
2017 Ford GT 'OPI Edition',Ford GT OPI,,2017,Ford,GT 'OPI Edition',Modern Supercars,Livery,900,S1
"2017 Ford GT ""Welcome Pack""",Ford GT WP,,2017,Ford,"GT ""Welcome Pack""",Modern Super Cars,Upgraded,998,S2
2017 Ford GT Forza Edition,,,2017,Ford,GT Forza Edition,Exotic GT,Upgraded,800,S
2017 Ford GT Horizon Edition,,,2017,Ford,GT Horizon Edition,Modern Super Cars,Upgraded,932,S2
2017 Ford GT Nutri-Grain Edition,,,2017,Ford,GT Nutri-Grain Edition,Exotic GT,Livery,,
2017 Ford M-Sport Fiesta RS,Ford Fiesta RS,,2017,Ford,M-Sport Fiesta RS,Rally Monsters,Race,808,S1
2016 Ford #2 Team Penske Alliance Truck Parts Fusion,#2 Penske Fusion,,2016,Ford,#2 Team Penske Alliance Truck Parts Fusion,NASCAR,Race,,
2016 Ford #2 Team Penske Brad K. Fusion,#2 Brad K Fusion,,2016,Ford,#2 Team Penske Brad K. Fusion,NASCAR,Livery,,
2016 Ford #22 Team Penske AAA Fusion,#22 AAA Fusion,,2016,Ford,#22 Team Penske AAA Fusion,NASCAR,Livery,,
2016 Ford #55 Supercheap Falcon FG X,#55 Ford Falcon,,2016,Ford,#55 Supercheap Falcon FG X,Supercars Championship,Race,785,S
2016 Ford Shelby GT350R Forza Edition,Ford Mustang FE,,2016,Ford,Shelby GT350R Forza Edition,Sport Touring,Upgraded,673,A
2016 Ford Shelby GT350R PreOrder Edition,,,2016,Ford,Shelby GT350R PreOrder Edition,Modern Muscle,Upgraded,,?
2015 Ford #17 Xbox Racing Ford Falcon FG X,#17 Xbox Falcon,,2015,Ford,#17 Xbox Racing Ford Falcon FG X,Supercars Championship,Race,785,S
2015 Ford #5 Pepsi Max Crew PRA Falcon FG X,#5 Ford Falcon,,2015,Ford,#5 Pepsi Max Crew PRA Falcon FG X,Supercars Championship,Livery,785,S
2015 Ford Falcon XR8,Ford Falcon XR8,,2015,Ford,Falcon XR8,Sport Touring,Factory,513,B
2015 Ford Mustang GT,Ford Mustang '15,,2015,Ford,Mustang GT,Sport Touring,Factory,517,B
2015 Ford NULL CAR,?,,2015,Ford,NULL CAR,ZERO DIV,Empty,518,B
2015 Ford Team Forza Mustang GT,,,2015,Ford,Team Forza Mustang GT,Ultimate Sport Machines,Livery,,
2014 Ford #11 Rockstar F-150 Trophy Truck,#11 Ford F-150,,2014,Ford,#11 Rockstar F-150 Trophy Truck,Unlimited Offroad,Race,731,A
2014 Ford Fiesta ST,Ford Fiesta '14,,2014,Ford,Fiesta ST,Hot Hatch,Factory,607,B
2014 Ford Fiesta ST (Day One livery),,,2014,Ford,Fiesta ST (Day One livery),Modern Rally,Livery,602,B
2014 Ford FPV Limited Edition Pursuit Ute Forza Edition,Ford Ute FE '14,,2014,Ford,FPV Limited Edition Pursuit Ute Forza Edition,Sport Touring,Upgraded,675,A
2014 Ford FPV Limited Edition Pursuit Ute Horizon Edition,,,2014,Ford,FPV Limited Edition Pursuit Ute Horizon Edition,Vans & Utility,Upgraded,715,A
2014 Ford Ranger T6 Rally Raid,Ford Ranger T6,,2014,Ford,Ranger T6 Rally Raid,Offroad,Race,643,B
2013 Ford F-150 SVT Raptor Shelby,Shelby Raptor,,2013,Ford,F-150 SVT Raptor Shelby,Modern Offroaders,Factory,,
2013 Ford Focus ST,Ford Focus '13,,2013,Ford,Focus ST,Super Hot Hatch,Factory,636,B
2013 Ford Focus ST (Day One),,,2013,Ford,Focus ST (Day One),Modern FWD Hatch,Upgraded,,
2013 Ford Formula Ford EcoBoost 200,Formula Ford,,2013,Ford,Formula Ford EcoBoost 200,Formula Ford Spec,Race,772,S
2013 Ford Mustang Boss 302,,,2013,Ford,Mustang Boss 302,Sports,Factory,519,A
2013 Ford Mustang Boss 302: Pizza Hut edition,,,2013,Ford,Mustang Boss 302: Pizza Hut edition,Sports,Livery,544,A
2013 Ford Shelby GT500 (Ltd. Ed.),,,2013,Ford,Shelby GT500 (Ltd. Ed.),Modern Muscle Cars,Upgraded,,
2013 Ford Shelby GT500 Rockstar Energy edition,,,2013,Ford,Shelby GT500 Rockstar Energy edition,Sports,Livery,600,A
2011 Ford #05 Ford Racing Fusion Stock Car,,,2011,Ford,#05 Ford Racing Fusion Stock Car,AmStock,Race,729,R3
2011 Ford #17 Dick Johnson Racing Team FG Falcon,,,2011,Ford,#17 Dick Johnson Racing Team FG Falcon,V8 Supercars,Livery,709,R3
2011 Ford #19 Mother Energy Racing Team FG Falcon,,,2011,Ford,#19 Mother Energy Racing Team FG Falcon,V8 Supercars,Livery,709,R3
2011 Ford #4 IRWIN Racing FG Falcon,,,2011,Ford,#4 IRWIN Racing FG Falcon,V8 Supercars,Livery,709,R3
2011 Ford #5 Ford Performance Racing FG Falcon,,,2011,Ford,#5 Ford Performance Racing FG Falcon,V8 Supercars,Race,765,S
2011 Ford #9 SP Tools Racing FG Falcon,,,2011,Ford,#9 SP Tools Racing FG Falcon,V8 Supercars,Livery,709,R3
2011 Ford F-150 SVT Raptor,Ford Raptor '11,,2011,Ford,F-150 SVT Raptor,Pickups & 4x4s,Factory,518,C
2011 Ford F-150 SVT Raptor Cheetos Edition,,,2011,Ford,F-150 SVT Raptor Cheetos Edition,Extreme Offroad,Livery,,
2011 Ford F-150 SVT Raptor Halo edition,,,2011,Ford,F-150 SVT Raptor Halo edition,SUV,Livery,245,D
2011 Ford F-150 SVT Raptor LCE Livery,,,2011,Ford,F-150 SVT Raptor LCE Livery,SUV,Livery,245,D
2011 Ford Ka,,,2011,Ford,Ka,City,Factory,100,F
2011 Ford Transit SuperSportVan,Ford Transit SSV,,2011,Ford,Transit SuperSportVan,Vans & Utility,Factory,347,D
2011 Ford Transit SuperSportVan Forza Edition,Ford Transit FE,,2011,Ford,Transit SuperSportVan Forza Edition,Vans & Utility,Upgraded,695,B
2011 Ford Transit SuperSportVan Traffic,,,2011,Ford,Transit SuperSportVan Traffic,,Traffic,,
2010 Ford Crown Victoria Police Interceptor,Crown Victoria,,2010,Ford,Crown Victoria Police Interceptor,Retro Muscle,Factory,462,D
2010 Ford Focus RS500,,,2010,Ford,Focus RS500,Hatch,Factory,499,B
2010 Ford Fusion Sport,,,2010,Ford,Fusion Sport,Sedan,Factory,372,C
2010 Ford Shelby GT500,,,2010,Ford,Shelby GT500,Modern Muscle,Factory,,?
2010 Ford Taurus SHO,,,2010,Ford,Taurus SHO,Sedan,Factory,447,B
2009 Ford #1 TeamVodafone FG Falcon,,,2009,Ford,#1 TeamVodafone FG Falcon,V8 Supercars,Livery,720,R3
2009 Ford #25 Britek Motorsport FG Falcon,,,2009,Ford,#25 Britek Motorsport FG Falcon,V8 Supercars,Livery,720,R3
2009 Ford #40 Robertson Racing Ford GT Mk7,,,2009,Ford,#40 Robertson Racing Ford GT Mk7,V8 Supercars,Race,761,R3
2009 Ford #5 Ford Performance Racing FG Falcon,,,2009,Ford,#5 Ford Performance Racing FG Falcon,V8 Supercars,Livery,720,R3
2009 Ford #9 SP Tools Racing FG Falcon,,,2009,Ford,#9 SP Tools Racing FG Falcon,V8 Supercars,Livery,720,R3
2009 Ford Fiesta Traffic,,,2009,Ford,Fiesta Traffic,,Traffic,,
2009 Ford Fiesta Zetec S,,,2009,Ford,Fiesta Zetec S,,Factory,,
2008 Ford Fusion Stock Car,,,2008,Ford,Fusion Stock Car,AmStock,Livery,714,R3
2007 Ford Shelby GT500,Ford Mustang '07,,2007,Ford,Shelby GT500,Sport Touring Icons,Factory,535,B
2006 Ford Focus ST,,,2006,Ford,Focus ST,Hatch,Factory,365,C
2006 Ford GTX1,,,2006,Ford,GTX1,Super,Factory,600,A
2005 Ford Mustang GT,,,2005,Ford,Mustang GT,Sports,Factory,372,C
2004 Ford #10 Tiger Racing Mustang,,,2004,Ford,#10 Tiger Racing Mustang,GT3,Race,704,R3
2003 Ford F-150 SVT Lightning,Ford Lightning,,2003,Ford,F-150 SVT Lightning,Vans & Utility,Factory,585,C
2003 Ford FocusSport SVT Focus,,,2003,Ford,FocusSport SVT Focus,,Race,736,A
2003 Ford Mustang SVT Cobra,,,2003,Ford,Mustang SVT Cobra,Retro Muscle,Factory,,
2003 Ford SVT Focus,,,2003,Ford,SVT Focus,Hatch,Factory,295,D
2001 Ford #4 Ford Focus RS,#4 Ford Focus,,2001,Ford,#4 Ford Focus RS,Rally Monsters,Race,749,A
1999 Ford Racing Puma Forza Edition,Ford Puma FE,,1999,Ford,Racing Puma Forza Edition,Rally Monsters,Upgraded,900,S1
1994 Ford Supervan 3,Ford Supervan 3,,1994,Ford,Supervan 3,Track Toys,Tuner,820,S1
1993 Ford SVT Cobra R Forza Edition,,,1993,Ford,SVT Cobra R Forza Edition,Rebirth of Muscle,Upgraded,447,C
1992 Ford Escort RS Cosworth Forza Edition,,,1992,Ford,Escort RS Cosworth Forza Edition,Showroom Rally,Upgraded,524,B
1992 Ford Escort RS Cosworth Horizon Edition,,,1992,Ford,Escort RS Cosworth Horizon Edition,Retro Rally,Upgraded,729,A
1985 Ford RS200 Evolution,Ford RS200,,1985,Ford,RS200 Evolution,Rally Monsters,Factory,808,S1
1981 Ford #55 Liqui Moly equipe Capri Turbo,#55 Ford Capri,,1981,Ford,#55 Liqui Moly equipe Capri Turbo,GT Racing Reborn,Livery,800,S
1981 Ford Fiesta XR2 Forza Edition,,,1981,Ford,Fiesta XR2 Forza Edition,Hot Hatch Genesis,Upgraded,349,D
1978 Ford Mustang II King Cobra,Ford Mustang '78,,1978,Ford,Mustang II King Cobra,Rebirth of Muscle,Factory,253,E
1977 Ford #5 Escort RS1800 MkII,#5 Escort '77,,1977,Ford,#5 Escort RS1800 MkII,Classic Rally,Race,662,B
1977 Ford Foyt #14 Gilmore Coyote,,,1977,Ford,Foyt #14 Gilmore Coyote,IndyCar 70s,Race,,
1975 Ford Bronco,Ford Bronco,,1975,Ford,Bronco,Pickups & 4x4s,Factory,421,D
1975 Ford Bronco Barrett-Jackson Edition,Ford Bronco BJ,,1975,Ford,Bronco Barrett-Jackson Edition,Offroad,Tuner,630,B
1975 Ford Bronco Traffic,,,1975,Ford,Bronco Traffic,,Traffic,,
1973 Ford Capri RS3100,Ford Capri MKI,,1973,Ford,Capri RS3100,Classic Sports Cars,Factory,497,D
1973 Ford Capri RS3100 Forza Edition,Ford Capri FE,,1973,Ford,Capri RS3100 Forza Edition,Rally Monsters,Upgraded,613,B
1973 Ford Pinto,,,1973,Ford,Pinto,Hatch,Factory,100,F
1972 Ford Falcon XA GT-HO Forza Edition,Ford Falcon FE,,1972,Ford,Falcon XA GT-HO Forza Edition,Classic Muscle,Upgraded,811,S1
1971 Ford Falcon XY GTHO Phase III,Ford Falcon '71,,1971,Ford,Falcon XY GTHO Phase III,Historic Road Racing,Factory,335,D
1971 Ford Mustang Mach 1,Ford Mustang '71,,1971,Ford,Mustang Mach 1,Classic Muscle,Factory,546,C
1970 Ford Escort RS1600 F&F Edition,1970 Escort FF,,1970,Ford,Escort RS1600 F&F Edition,? none/Classic Compact,Tuner,,
1970 Ford GT70,Ford GT70 '70,,1970,Ford,GT70,Classic Rally,Factory,671,B
1970 Ford Mustang Boss 429,,,1970,Ford,Mustang Boss 429,Sports,Factory,,
1969 Ford Brawner Hawk III,Ford Hawk III,,1969,Ford,Brawner Hawk III,Formula 70s,Race,884,R
1969 Ford Mustang Boss 302 Forza Edition,,,1969,Ford,Mustang Boss 302 Forza Edition,Historic Road Racing,Upgraded,475,C
1969 Ford Mustang Boss 302 Horizon Edition,,,1969,Ford,Mustang Boss 302 Horizon Edition,Classic Muscle,Upgraded,649,B
1967 Ford Falcon XR GT,Ford Falcon '67,,1967,Ford,Falcon XR GT,Nostalgic Drag Racers,Factory,289,E
1967 Ford Racing Escort Mk1,Ford Escort '67,,1967,Ford,Racing Escort Mk1,Classic Rally,Race,636,B
1966 Ford Country Squire,Country Squire,,1966,Ford,Country Squire,? none/Utility,Factory,,
1966 Ford F-100 Flareside Abatti Racing Trophy Truck,Ford F100 Trophy,,1966,Ford,F-100 Flareside Abatti Racing Trophy Truck,Extreme Offroad,Race,789,A
1965 Ford Transit,Ford Transit MK1,,1965,Ford,Transit,Vans & Utility,Factory,100,D
1964 Ford Fairlane Thunderbolt,Ford Fairlane,,1964,Ford,Fairlane Thunderbolt,Nostalgic Drag Racers,Factory,432,C
1959 Ford Anglia 105E,Ford Anglia '59,,1959,Ford,Anglia 105E,Cult Cars,Factory,100,D
1957 Ford Thunderbird,,,1957,Ford,Thunderbird,Roadster,Factory,276,D
1956 Ford F-100,Ford F-100,,1956,Ford,F-100,Rods and Customs,Factory,302,D
1956 Ford F-100 Forza Edition,,,1956,Ford,F-100 Forza Edition,Hot Rod Revival,Upgraded,,
1946 Ford Super Deluxe Station Wagon,Ford Wagon,,1946,Ford,Super Deluxe Station Wagon,Rods and Customs,Factory,124,D
1946 Ford Super Deluxe Station Wagon Forza Edition,,,1946,Ford,Super Deluxe Station Wagon Forza Edition,Hot Rod Revival,Upgraded,,
1940 Ford De Luxe Coupe,Ford Coupe '40,,1940,Ford,De Luxe Coupe,Rods and Customs,Factory,130,D
"1932 Ford Custom ""Double Down""",Ford Custom '32,,1932,Ford,"Custom ""Double Down""",Rods and Customs,Tuner,927,S2
1932 Ford De Luxe Five-Window Coupe,Ford Coupe '32,,1932,Ford,De Luxe Five-Window Coupe,Rods and Customs,Factory,126,D
1932 Ford De Luxe Five-Window Coupe Forza Edition,Ford Coupe FE,,1932,Ford,De Luxe Five-Window Coupe Forza Edition,Unlimited Buggies,Factory,800,A
"1932 Ford Roadster ""Hula Girl""",Ford Roadster,,1932,Ford,"Roadster ""Hula Girl""",Rods and Customs,Tuner,590,C
2019 Formula Drift #411 Toyota Corolla Hatchback,#411 FD Corolla,,2019,Formula Drift,#411 Toyota Corolla Hatchback,Drift Cars,Race,840,S1
2018 Formula Drift #64 Nissan 370Z,#64 Nissan 370Z,,2018,Formula Drift,#64 Nissan 370Z,Drift Cars,Race,843,S1
2017 Formula Drift #357 Chevrolet Corvette Z06,#357 Corvette,,2017,Formula Drift,#357 Chevrolet Corvette Z06,Drift Cars,Race,835,S1
2013 Formula Drift #777 Chevrolet Corvette,#777 Corvette,,2013,Formula Drift,#777 Chevrolet Corvette,Drift Cars,Race,848,S1
2009 Formula Drift #99 Mazda RX-8,#99 Mazda RX-8,,2009,Formula Drift,#99 Mazda RX-8,Drift Cars,Race,829,S1
2007 Formula Drift #117 599 GTB Fiorano,Formula D 599,,2007,Formula Drift,#117 599 GTB Fiorano,Drift Cars,Race,852,S1
1996 Formula Drift #232 Nissan 240SX,#232 Nissan 240,,1996,Formula Drift,#232 Nissan 240SX,Extreme Track Toys,Race,859,S1
1995 Formula Drift #118 Nissan 240SX,#118 Nissan 240,,1995,Formula Drift,#118 Nissan 240SX,Extreme Track Toys,Race,860,S1
1989 Formula Drift #98 BMW 325i,#98 BMW 325I,,1989,Formula Drift,#98 BMW 325i,Drift Cars,Race,813,S1
2017 Formula E #11 ABT Schaeffler Audi Sport FE02,#11 Formula E,,2017,Formula E,#11 ABT Schaeffler Audi Sport FE02,Formula E,Livery,724,S
2017 Formula E #28 MS Amlin Andretti ATEC-02,#28 Formula E,,2017,Formula E,#28 MS Amlin Andretti ATEC-02,Formula E,Race,749,S
2017 Formula E #33 Techeetah Z.K. 16,#33 Formula E,,2017,Formula E,#33 Techeetah Z.K. 16,Formula E,Livery,759,S
2017 Formula E #47 Panasonic Jaguar Racing I-Type 1,#47 Formula E,,2017,Formula E,#47 Panasonic Jaguar Racing I-Type 1,Formula E,Livery,749,S
2015 Formula E #10 Trulli Spark SRT_01E,#10 Formula E,,2015,Formula E,#10 Trulli Spark SRT_01E,Formula E,Livery,,
2015 Formula E #11 ABT FE 01,#11 Formula E,,2015,Formula E,#11 ABT FE 01,Formula E,Livery,,
2015 Formula E #2 Virgin Racing VIR 01E,#2 Formula #,,2015,Formula E,#2 Virgin Racing VIR 01E,Formula E,Livery,748,S
2015 Formula E #21 Mahindra  M2Electro,#21 Formula #,,2015,Formula E,#21 Mahindra  M2Electro,Formula E,Livery,748,S
2015 Formula E #23 Venturi 1,#23 Formula E,,2015,Formula E,#23 Venturi 1,Formula E,Livery,748,S
2015 Formula E #27 Andretti Formula E Spark SRT_01E,#27 Formula E,,2015,Formula E,#27 Andretti Formula E Spark SRT_01E,Formula E,Livery,,
2015 Formula E #55 Amlin Aguri Spark SRT_01E,#55 Formula E,,2015,Formula E,#55 Amlin Aguri Spark SRT_01E,Formula E,Race,,
2015 Formula E #6 Dragon Racing Spark SRT_01E,#6 Formula E,,2015,Formula E,#6 Dragon Racing Spark SRT_01E,Formula E,Livery,748,S
2015 Formula E #9 e.dams-Renault Spark SRT_01E,#9 Formula E,,2015,Formula E,#9 e.dams-Renault Spark SRT_01E,Formula E,Livery,,
2015 Formula E #99 NEXTEV TCR FE01,#99 Formula E,,2015,Formula E,#99 NEXTEV TCR FE01,Formula E,Livery,748,S
2014 Forsberg Racing Nissan 'SafariZ' 370Z Safari Rally Tribute,SafariZ' 370Z,,2014,Forsberg Racing,Nissan 'SafariZ' 370Z Safari Rally Tribute,Rally Monsters,Race,720,A
2010 Forsberg Racing Toyota Gumout 2JZ Camry Stock Car,FR Stock Car,,2010,Forsberg Racing,Toyota Gumout 2JZ Camry Stock Car,Track Toys,Race,900,S1
2018 Funco Motorsports F9,Funco F9,,2018,Funco Motorsports,F9,Unlimited Buggies,Factory,821,S1
2019 Ginetta G10 RM,,,2019,Ginetta,G10 RM,Track Toys,Factory,,
1992 GMC Typhoon,GMC Typhoon,,1992,GMC,Typhoon,Vans & Utility,Factory,538,C
1991 GMC Syclone,GMC Syclone,,1991,GMC,Syclone,Vans & Utility,Factory,548,C
1983 GMC Vandura G-1500,GMC Vandura,,1983,GMC,Vandura G-1500,Vans & Utility,Factory,226,D
1970 GMC Jimmy,GMC K5 Jimmy,,1970,GMC,Jimmy,Pickups & 4x4s,Factory,521,C
2012 Gumpert Apollo Enraged,,,2012,Gumpert,Apollo Enraged,Super,Factory,890,R2
2010 Gumpert Apollo S,,,2010,Gumpert,Apollo S,Super,Factory,749,R3
2021 Hennessey Venom F5,Venom F5,,2021,Hennessey,Venom F5,Hypercars,Factory,964,S2
2019 Hennessey VelociRaptor 6x6,VelociRaptor '19,,2019,Hennessey,VelociRaptor 6x6,Pickups & 4x4s,Tuner,634,B
2012 Hennessey Venom GT,Hennessey Venom,,2012,Hennessey,Venom GT,Hypercars,Factory,911,S2
1966 Hillman Imp,Hillman Imp,,1966,Hillman,Imp,Cult Cars,Factory,100,D
2016 Holden #22 HRT Sharkbite VF Commodore,#22 Holden '16,,2016,Holden,#22 HRT Sharkbite VF Commodore,Supercars Championship,Race,785,S
2015 Holden #1 Red Bull Racing Australia VF Commodore,#1 VF Commodore,,2015,Holden,#1 Red Bull Racing Australia VF Commodore,V8 Supercars,Race,,
2015 Holden #14 Freightliner Racing VF Commodore,#14 Holden VF,,2015,Holden,#14 Freightliner Racing VF Commodore,Supercars Championship,Livery,785,S
2015 Holden #22 Holden Racing Team VF Commodore,#22 Holden '15,,2015,Holden,#22 Holden Racing Team VF Commodore,Supercars Championship,Livery,785,S
2015 Holden #97 Tekno Autosports VF Commodore,#97 Holden VF,,2015,Holden,#97 Tekno Autosports VF Commodore,Supercars Championship,Livery,785,S
2011 Holden #1 Toll Holden Racing Team Commodore VE,,,2011,Holden,#1 Toll Holden Racing Team Commodore VE,V8 Supercars,Race,765,S
2011 Holden #11 Pepsi Max Crew Commodore VE,,,2011,Holden,#11 Pepsi Max Crew Commodore VE,V8 Supercars,Livery,709,R3
2011 Holden #33 Fujitsu Facing GRM Commodore VE,,,2011,Holden,#33 Fujitsu Facing GRM Commodore VE,V8 Supercars,Livery,709,R3
2011 Holden #8 Team BOC Commodore VE,,,2011,Holden,#8 Team BOC Commodore VE,V8 Supercars,Livery,709,R3
2011 Holden #88 TeamVodafone Commodore VE,,,2011,Holden,#88 TeamVodafone Commodore VE,V8 Supercars,Livery,709,R3
2009 Holden #2 Toll Holden Racing Team Commodore VE,,,2009,Holden,#2 Toll Holden Racing Team Commodore VE,V8 Supercars,Livery,717,R3
2009 Holden #33 Garry Rogers Team Commodore VE,,,2009,Holden,#33 Garry Rogers Team Commodore VE,V8 Supercars,Livery,717,R3
2009 Holden #39 Supercheap Auto Racing Commodore VE,,,2009,Holden,#39 Supercheap Auto Racing Commodore VE,V8 Supercars,Livery,717,R3
2009 Holden #51 Sprint Gas Racing Commodore VE,,,2009,Holden,#51 Sprint Gas Racing Commodore VE,V8 Supercars,Livery,717,R3
2009 Holden HSV w427,Holden W427,,2009,Holden,HSV w427,Sport Touring Icons,Factory,542,B
1977 Holden Torana A9X Forza Edition,,,1977,Holden,Torana A9X Forza Edition,Historic Road Racing,Upgraded,471,C
1977 Holden Torana Horizon Edition,,,1977,Holden,Torana Horizon Edition,Classic Muscle,Upgraded,577,C
1974 Holden Sandman HQ panel van,Holden Sandman,,1974,Holden,Sandman HQ panel van,Vans & Utility,Factory,501,C
1951 Holden 50-2106 FX Ute,Holden Ute,,1951,Holden,50-2106 FX Ute,Hot Rod Revival,Factory,135,E
1951 Holden FX Sedan,Holden FX '51,,1951,Holden,FX Sedan,Cult Classics,Factory,100,D
2019 Honda #15 Rahal Letterman Lanigan Racing Dallara,,,2019,Honda,#15 Rahal Letterman Lanigan Racing Dallara,IndyCar,Race,,
2019 Honda #9 Chip Ganassi Racing Dallara,,,2019,Honda,#9 Chip Ganassi Racing Dallara,IndyCar,Race,,
2018 Honda Odyssey,,,2018,Honda,Odyssey,Forza Specials,Factory,298,E
2017 Honda #5 Schmidt Peterson Motorsport IndyCar,#5 Honda IndyCar,,2017,Honda,#5 Schmidt Peterson Motorsport IndyCar,IndyCar,Race,999,X
2017 Honda #9 Chip Ganassi Racing IndyCar,#9 Honda IndyCar,,2017,Honda,#9 Chip Ganassi Racing IndyCar,IndyCar,Livery,999,X
2016 Honda Civic Coupe ,Honda Civic Coupe,,2016,Honda,Civic Coupe ,Rally Monsters,Race,861,S1
2016 Honda Civic Type R,Honda Civic '16,,2016,Honda,Civic Type R,Super Hot Hatch,Factory,699,B
2016 Honda Civic Type R Forza Edition,,,2016,Honda,Civic Type R Forza Edition,Modern Hot Hatch,Upgraded,500,C
2015 Honda #14 AJ Foyt Enterprises IndyCar,,,2015,Honda,#14 AJ Foyt Enterprises IndyCar,IndyCar,Livery,,
2015 Honda #15 Rahal Letterman Lanigan Racing IndyCar,,,2015,Honda,#15 Rahal Letterman Lanigan Racing IndyCar,IndyCar,Livery,,
2015 Honda #25 Andretti Autosport IndyCar,,,2015,Honda,#25 Andretti Autosport IndyCar,IndyCar,Livery,,
2015 Honda #27 Andretti Autosport IndyCar,,,2015,Honda,#27 Andretti Autosport IndyCar,IndyCar,Livery,,
2015 Honda #28 Andretti Autosport IndyCar,,,2015,Honda,#28 Andretti Autosport IndyCar,IndyCar,Livery,,
2015 Honda #5 Schmidt Peterson Motorsports IndyCar,,,2015,Honda,#5 Schmidt Peterson Motorsports IndyCar,IndyCar,Race,,
2015 Honda #7 Schmidt Peterson Motorsports IndyCar,,,2015,Honda,#7 Schmidt Peterson Motorsports IndyCar,IndyCar,Livery,,
2015 Honda Ridgeline Baja Trophy Truck,Honda Trophy '15,,2015,Honda,Ridgeline Baja Trophy Truck,Unlimited Offroad,Race,703,A
2014 Honda #2 Castrol Honda Civic WTCC,#2 Honda Civic,,2014,Honda,#2 Castrol Honda Civic WTCC,Forza Touring Cars,Race,750,S
2014 Honda #5 Zengo Motorsport Civic WTCC,#5 Honda Civic,,2014,Honda,#5 Zengo Motorsport Civic WTCC,Forza Touring Cars,Livery,750,S
2014 Honda Civic Si,Honda Civic '14,,2014,Honda,Civic Si,Sport Compact,Factory,339,D
2013 Honda #15 Rahal Letterman Dallara DW12,,,2013,Honda,#15 Rahal Letterman Dallara DW12,Modern Indy,Race,999,X
2013 Honda #9 Target Chip Ganassi Dallara DW12,,,2013,Honda,#9 Target Chip Ganassi Dallara DW12,Modern Indy,Livery,,
2013 Honda Civic Si Coupe,,,2013,Honda,Civic Si Coupe,Sports,Factory,383,C
2012 Honda HPD Fit,,,2012,Honda,HPD Fit,Economy,Factory,199,E
2011 Honda #33 Level 5 Motorsports Lola,,,2011,Honda,#33 Level 5 Motorsports Lola,P2,Race,947,R1
2011 Honda CR-Z EX,,,2011,Honda,CR-Z EX,Hatch,Factory,189,F
2010 Honda Mugen Civic Type-R 3D,,,2010,Honda,Mugen Civic Type-R 3D,Hatch,Tuner,446,B
2009 Honda Fit Sport,,,2009,Honda,Fit Sport,Economy,Factory,212,E
2007 Honda Civic Type-R ,Honda Civic '07,,2007,Honda,Civic Type-R ,Hot Hatch,Factory,574,C
2006 Honda Civic Si Coupe,,,2006,Honda,Civic Si Coupe,Hatch,Factory,371,C
2005 Honda #18 Takata Dome NSX,,,2005,Honda,#18 Takata Dome NSX,SGT500,Race,859,R2
2005 Honda #8 ARTA NSX,,,2005,Honda,#8 ARTA NSX,SGT500,Livery,816,R2
2005 Honda NSX-R GT,Honda NSX-R GT,,2005,Honda,NSX-R GT,Retro Sports Cars,Factory,725,A
2005 Honda Team Forza NSX-R,Honda NSX-R TF,,2005,Honda,Team Forza NSX-R,Modern Sport Legends,Upgraded,,
2004 Honda Accord Coupe EX,,,2004,Honda,Accord Coupe EX,,Factory,,D1
2004 Honda Mugen Civic Type-R,,,2004,Honda,Mugen Civic Type-R,Hatch,Tuner,412,C
2004 Honda Wings West Civic Si,,,2004,Honda,Wings West Civic Si,,Tuner,384,C4
2003 Honda #16 G'ZOX NSX,,,2003,Honda,#16 G'ZOX NSX,SGT500,Livery,814,R2
2003 Honda Mugen S2000,,,2003,Honda,Mugen S2000,,Tuner,554,
2003 Honda S2000,Honda S2000,,2003,Honda,S2000,Modern Sports Cars,Factory,630,B
2002 Honda Integra Type-R,,,2002,Honda,Integra Type-R,Sports,Factory,391,C
2002 Honda Mugen Integra Type-R,,,2002,Honda,Mugen Integra Type-R,Sports,Tuner,435,B
2001 Honda S2000 F&F Edition,2001 S2000 FF,,2001,Honda,S2000 F&F Edition,? none/Japanese Street,Tuner,,
2000 Honda Aerogear Integra Type-R,,,2000,Honda,Aerogear Integra Type-R,,Tuner,500,
2000 Honda Integra Type-R,,,2000,Honda,Integra Type-R,Sports,Factory,393,C
1999 Honda Civic Si Coupe,,,1999,Honda,Civic Si Coupe,Sports,Factory,279,D
1997 Honda Civic Type R Forza Edition,,,1997,Honda,Civic Type R Forza Edition,Hot Hatch Icons,Upgraded,450,C
1995 Honda CR-X Del Sol SiR,,,1995,Honda,CR-X Del Sol SiR,Economy,Factory,280,D
1994 Honda Civic 1.5 VTi,,,1994,Honda,Civic 1.5 VTi,Hatch,Factory,260,E
1994 Honda Do-Luck NSX,,,1994,Honda,Do-Luck NSX,,Tuner,604,B
1994 Honda Prelude Si,Honda Prelude 94,,1994,Honda,Prelude Si,Retro Hot Hatch,Factory,521,C
1986 Honda Civic Si,Honda Civic '86,,1986,Honda,Civic Si,Hot Hatch Genesis,Factory,241,E
1984 Honda Civic CRX Mugen,Honda Civic '84,,1984,Honda,Civic CRX Mugen,Retro Hot Hatch,Tuner,499,D
1974 Honda Civic RS,Honda Civic '74,,1974,Honda,Civic RS,Retro Hot Hatch,Factory,368,D
2017 Hoonigan Gymkhana 10 Ford Fiesta ST,Hoonigan Fiesta,,2017,Hoonigan,Gymkhana 10 Ford Fiesta ST,Rally Monsters,Tuner,828,S1
2016 Hoonigan Gymkhana 10 Ford Focus RS RX,Gymkhana 10 Focus,,2016,Hoonigan,Gymkhana 10 Ford Focus RS RX,Rally Monsters,Livery,864,S1
2016 Hoonigan Gymkhana 9 Ford Focus RS RX,Hoonigan Focus,,2016,Hoonigan,Gymkhana 9 Ford Focus RS RX,Rally Monsters,Tuner,864,S1
"2016 Hoonigan Gymkhana 9 Ford Focus RS RX ""Welcome Pack""",Focus RS RX WP,,2016,Hoonigan,"Gymkhana 9 Ford Focus RS RX ""Welcome Pack""",Rally Monsters,Upgraded,900,S1
2015 Hoonigan Gymkhana 8 Ford Fiesta ST RX43,Fiesta ST RX43,,2015,Hoonigan,Gymkhana 8 Ford Fiesta ST RX43,Rally Monsters,Tuner,885,S1
2003 Hoonigan Holden Commodore Ute,,,2003,Hoonigan,Holden Commodore Ute,Hoonigan,Tuner,656,A
1994 Hoonigan Ford Escort RS Cosworth WRC 'Cossie V2',Hoonigan Cossie,,1994,Hoonigan,Ford Escort RS Cosworth WRC 'Cossie V2',Rally Monsters,Factory,783,A
1992 Hoonigan Mazda RX-7 Twerkstallion,Twerkstallion,,1992,Hoonigan,Mazda RX-7 Twerkstallion,Drift Cars,Tuner,799,A
1991 Hoonigan Gymkhana 10 Ford Escort Cosworth Group A,Hoonigan Group A,,1991,Hoonigan,Gymkhana 10 Ford Escort Cosworth Group A,Rally Monsters,Tuner,862,S1
1991 Hoonigan Rauh-Welt Begriff Porsche 911 Turbo,Hoonigan Porsche,,1991,Hoonigan,Rauh-Welt Begriff Porsche 911 Turbo,Retro Supercars,Tuner,811,S1
1986 Hoonigan Ford RS200 Evolution,Hoonigan RS200,,1986,Hoonigan,Ford RS200 Evolution,Rally Monsters,Tuner,904,S2
"1979 Hoonigan Baldwin Motorsports ""Loki"" K5 Blazer",Baldwin Blazer,,1979,Hoonigan,"Baldwin Motorsports ""Loki"" K5 Blazer",Extreme Offroad,Tuner,747,A
1978 Hoonigan Ford Escort RS1800,Hoonigan Escort,,1978,Hoonigan,Ford Escort RS1800,Rally Monsters,Tuner,820,S1
1977 Hoonigan Gymkhana 10 Ford F-150 'Hoonitruck',Hoonigan F-150,,1977,Hoonigan,Gymkhana 10 Ford F-150 'Hoonitruck',Drift Cars,Tuner,896,S1
1974 Hoonigan Ford Bronco,Hoonigan Bronco,,1974,Hoonigan,Ford Bronco,Offroad,Factory,721,A
1973 Hoonigan Volkswagen Baja Beetle Class 5/1600 'Scumbug',Hoonigan Scumbug,,1973,Hoonigan,Volkswagen Baja Beetle Class 5/1600 'Scumbug',Buggies,Race,524,C
1972 Hoonigan Chevrolet Napalm Nova,Hoonigan Nova,,1972,Hoonigan,Chevrolet Napalm Nova,Classic Muscle,Tuner,731,A
"1965 Hoonigan Ford ""Hoonicorn"" Mustang",Hoonicorn,,1965,Hoonigan,"Ford ""Hoonicorn"" Mustang",Drift Cars,Tuner,951,S2
1965 Hoonigan Gymkhana 10 Ford Hoonicorn Mustang,Hoonicorn V2,,1965,Hoonigan,Gymkhana 10 Ford Hoonicorn Mustang,Drift Cars,Livery,952,S2
1955 Hoonigan Chevrolet Bel Air,Hoonigan Bel Air,,1955,Hoonigan,Chevrolet Bel Air,Rods and Customs,Tuner,621,B
2018 Hot Wheels 2JetZ,2JetZ,,2018,Hot Wheels,2JetZ,Rods and Customs,Tuner,854,S1
2013 Hot Wheels Baja Bone Shaker,Baja Bone Shaker,,2013,Hot Wheels,Baja Bone Shaker,Unlimited Offroad,Tuner,700,B
2012 Hot Wheels Bad to the Blade,Hot Wheels BTTB,,2012,Hot Wheels,Bad to the Blade,Extreme Track Toys,Tuner,998,S2
2012 Hot Wheels Rip Rod,Rip Rod,,2012,Hot Wheels,Rip Rod,Unlimited Buggies,Tuner,715,A
2011 Hot Wheels Bone Shaker,Bone Shaker,,2011,Hot Wheels,Bone Shaker,Rods and Customs,Tuner,790,A
2005 Hot Wheels Ford Mustang,HW Ford Mustang,,2005,Hot Wheels,Ford Mustang,Track Toys,Tuner,819,S1
2000 Hot Wheels Deora II,Hot Wheels Deora,,2000,Hot Wheels,Deora II,Rods and Customs,Tuner,800,A
1972 Hot Wheels Chevrolet LUV,Hot Wheels LUV,,1972,Hot Wheels,Chevrolet LUV,Rods and Customs,Tuner,663,B
1970 Hot Wheels Chevrolet Corvette ZR-1 50th Anniversary Original Version,,,1970,Hot Wheels,Chevrolet Corvette ZR-1 50th Anniversary Original Version,Forza Specials,Tuner,,
1969 Hot Wheels Chevrolet Camaro Super Sport Coupe 50th Anniversary Original Version,,,1969,Hot Wheels,Chevrolet Camaro Super Sport Coupe 50th Anniversary Original Version,Forza Specials,Tuner,,
1969 Hot Wheels International-Harvester Loadstar C0-1600,Hot Wheels C0,,1969,Hot Wheels,International-Harvester Loadstar C0-1600,Rods and Customs,Tuner,563,C
1969 Hot Wheels Twin Mill,Twin Mill,,1969,Hot Wheels,Twin Mill,Rods and Customs,Tuner,798,A
1963 Hot Wheels Volkswagen Beetle 50th Anniversary Original Version,,,1963,Hot Wheels,Volkswagen Beetle 50th Anniversary Original Version,Forza Specials,Tuner,,
1957 Hot Wheels Nash Metropolitan Custom,Hot Wheels Metro,,1957,Hot Wheels,Nash Metropolitan Custom,Rods and Customs,Tuner,631,B
1957 Hot Wheels Studebaker Golden Hawk 'Dream Roadster',HW Studebaker,,1957,Hot Wheels,Studebaker Golden Hawk 'Dream Roadster',Rods and Customs,Tuner,701,A
1949 Hot Wheels Ford F-5 Dually Custom Hot Rod,HW Dually '49,,1949,Hot Wheels,Ford F-5 Dually Custom Hot Rod,Rods and Customs,Tuner,630,B
1952 Hudson Hornet,Hudson Hornet,,1952,Hudson,Hornet,Rods and Customs,Factory,305,D
2006 Hummer H1 Alpha,Hummer H1,,2006,Hummer,H1 Alpha,Pickups & 4x4s,Factory,354,D
2006 Hummer H1 Alpha Open Top,Hummer Open Top,,2006,Hummer,H1 Alpha Open Top,Offroad,Factory,382,D
2022 Hyundai IONIQ 6,,,2022,Hyundai,IONIQ 6,Super Saloons,Factory,,
2022 Hyundai Kona N,,,2022,Hyundai,Kona N,Sports Utility Heroes,Factory,,
2022 Hyundai N Vision 74,,,2022,Hyundai,N Vision 74,Track Toys,Factory,,
2019 Hyundai Veloster Turbo,,,2019,Hyundai,Veloster Turbo,Modern Hot Hatch,Factory,381,D
2013 Hyundai Genesis Coupe,,,2013,Hyundai,Genesis Coupe,Sports,Factory,414,B
2013 Hyundai Genesis Coupe 3.8 Track,Hyundai Genesis,,2013,Hyundai,Genesis Coupe 3.8 Track,Asian Sports Cars,Factory,698,B
2013 Hyundai Veloster Turbo,Veloster Turbo,,2013,Hyundai,Veloster Turbo,Modern Hot Hatch,Factory,343,D
2011 Hyundai #67 Rhys Millen Racing Veloster,,,2011,Hyundai,#67 Rhys Millen Racing Veloster,Hatch,Race,693,S
2011 Hyundai ix20,,,2011,Hyundai,ix20,City,Factory,114,F
2010 Hyundai Forza 3 Genesis Coup,,,2010,Hyundai,Forza 3 Genesis Coup,Coupe,Upgraded,856,R2
2010 Hyundai Forza Motorsport Genesis Coupe,,,2010,Hyundai,Forza Motorsport Genesis Coupe,SGT500,Race,859,R2
2010 Hyundai Genesis Coupe,,,2010,Hyundai,Genesis Coupe,Sports,Factory,411,C
2010 Hyundai HKS Genesis Coupe ,,,2010,Hyundai,HKS Genesis Coupe ,Coupe,Tuner,497,B
2010 Hyundai Rhys Millen Racing Genesis Coupe,,,2010,Hyundai,Rhys Millen Racing Genesis Coupe,Super,Race,670,S
2003 Hyundai Tiburon GT,,,2003,Hyundai,Tiburon GT,,Factory,,D3
2003 Hyundai Tuscani Elisa,,,2003,Hyundai,Tuscani Elisa,Sports,Factory,289,D
2015 Infiniti Q60 Concept,Infiniti Q60,,2015,Infiniti,Q60 Concept,Super Saloons,Factory,735,A
2014 Infiniti Q50S,,,2014,Infiniti,Q50S,Executive Sport,Factory,423,C
2013 Infiniti #77 Schmidt Peterson Motorsports Dallara IPS Indy Lights,,,2013,Infiniti,#77 Schmidt Peterson Motorsports Dallara IPS Indy Lights,-,Race,423,C
2008 Infiniti G37 Coupe Sport,,,2008,Infiniti,G37 Coupe Sport,Sports,Factory,442,B
1970 International Scout 800A,IH Scout 800A,,1970,International,Scout 800A,Pickups & 4x4s,Factory,384,D
2018 Italdesign Zerouno,ID Zerouno '18,,2018,Italdesign,Zerouno,Hypercars,Factory,869,S1
2020 Jaguar F-Type SVR,,,2020,Jaguar,F-Type SVR,GT Cars,Factory,,
2019 Jaguar XE SV Project 8,,,2019,Jaguar,XE SV Project 8,Track Toys,Factory,,
2018 Jaguar I-PACE,Jaguar I-PACE,,2018,Jaguar,I-PACE,Sports Utility Heroes,Factory,705,A
2017 Jaguar F-PACE S,Jaguar F-PACE S,,2017,Jaguar,F-PACE S,Sports Utility Heroes,Factory,674,B
2016 Jaguar F-TYPE Project 7,Jaguar Project 7,,2016,Jaguar,F-TYPE Project 7,Track Toys,Factory,786,A
2016 Jaguar F-TYPE Project 7 Forza Edition,Jaguar P7 FE,,2016,Jaguar,F-TYPE Project 7 Forza Edition,Sport Coupe,Upgraded,674,A
2016 Jaguar F-TYPE Project 7 Horizon Edition,,,2016,Jaguar,F-TYPE Project 7 Horizon Edition,Extreme Track Toys,Upgraded,830,S1
2016 Jaguar F-TYPE Project 7 PreOrder,,,2016,Jaguar,F-TYPE Project 7 PreOrder,Extreme Track Toys,Upgraded,900,S1
2015 Jaguar F-TYPE R Coupe F&F Edition,Jaguar F-Type FF,,2015,Jaguar,F-TYPE R Coupe F&F Edition,Fast & Furious,Tuner,641,A
2015 Jaguar XE-S,Jaguar XE-S,,2015,Jaguar,XE-S,Super Saloons,Factory,671,B
2014 Jaguar #14 Emil Frey GT3 Jaguar XK,#14 Jaguar XK,,2014,Jaguar,#14 Emil Frey GT3 Jaguar XK,Forza GT,Race,832,R
2012 Jaguar XKR-S,Jaguar XKR-S '12,,2012,Jaguar,XKR-S,GT Cars,Factory,756,A
2010 Jaguar #33 RSR XKR GT,,,2010,Jaguar,#33 RSR XKR GT,GT2,Race,752,R3
2010 Jaguar C-X75,Jaguar C-X75,,2010,Jaguar,C-X75,Modern Supercars,Factory,880,S1
2010 Jaguar XFR,,,2010,Jaguar,XFR,Sedan,Factory,501,A
2009 Jaguar XKR-S,,,2009,Jaguar,XKR-S,Sports,Factory,524,A
2007 Jaguar XK Coupe,,,2007,Jaguar,XK Coupe,,Factory,563,B
1993 Jaguar XJ220 Forza Edition,Jaguar XJ220 FE,,1993,Jaguar,XJ220 Forza Edition,Rise of the Supercar,Upgraded,750,S
1993 Jaguar XJ220 Horizon Edition,Jaguar XJ220 HE,,1993,Jaguar,XJ220 Horizon Edition,Retro Super Cars,Upgraded,859,S1
1990 Jaguar XJ-S,Jaguar XJ-S,,1990,Jaguar,XJ-S,Cult Cars,Factory,557,C
1988 Jaguar #60 Castrol Jaguar Racing XJR-9,#60 Jaguar XJR-9,,1988,Jaguar,#60 Castrol Jaguar Racing XJR-9,Early Prototype Racers,Livery,981,P
1966 Jaguar XJ13,Jaguar XJ13,,1966,Jaguar,XJ13,Classic Racers,Factory,779,A
1964 Jaguar Lightweight E-Type,Jaguar LW E-Type,,1964,Jaguar,Lightweight E-Type,Classic Racers,Factory,688,B
1954 Jaguar XK120 SE,Jaguar XK120,,1954,Jaguar,XK120 SE,Rare Classics,Factory,469,D
1953 Jaguar C-Type,Jaguar C-Type,,1953,Jaguar,C-Type,Classic Racers,Factory,495,D
2015 James Bond Edition Aston Martin DB10 ,AM DB10 JB,,2015,James Bond Edition,Aston Martin DB10 ,Modern Super Cars,Factory,814,S1
1999 James Bond Edition BMW Z8 ,BMW Z8 JB,,1999,James Bond Edition,BMW Z8 ,Retro Sports Cars,Factory,720,A
1986 James Bond Edition Aston Martin V8 ,AM V8 JB,,1986,James Bond Edition,Aston Martin V8 ,Retro Sports Cars,Factory,620,B
1981 James Bond Edition Citroen 2CV6 ,Citroen 2CV6 JB,,1981,James Bond Edition,Citroen 2CV6 ,Cult Cars,Factory,100,D
1977 James Bond Edition Lotus Esprit S1 ,Lotus Esprit JB,,1977,James Bond Edition,Lotus Esprit S1 ,Retro Super Cars,Factory,541,C
1974 James Bond Edition AMC Hornet X Hatchback,AMC Hornet '74,,1974,James Bond Edition,AMC Hornet X Hatchback,Classic Muscle,Factory,414,D
1964 James Bond Edition Aston Martin DB5 ,AM DB5 JB,,1964,James Bond Edition,Aston Martin DB5 ,Rare Classics,Tuner,618,B
2020 Jeep Gladiator Rubicon,Jeep Gladiator,,2020,Jeep,Gladiator Rubicon,Pickups & 4x4s,Factory,456,D
2018 Jeep Grand Cherokee Trackhawk,Jeep Trackhawk,,2018,Jeep,Grand Cherokee Trackhawk,Sports Utility Heroes,Factory,749,A
2016 Jeep Trailcat,Jeep Trailcat,,2016,Jeep,Trailcat,Unlimited Offroad,Factory,744,A
2014 Jeep Grand Cherokee SRT,Cherokee '14,,2014,Jeep,Grand Cherokee SRT,Sports Utility Heroes,Factory,680,B
2013 Jeep Wrangler Unlimited F&F Edition,,,2013,Jeep,Wrangler Unlimited F&F Edition,Offroad,Tuner,800,A
2012 Jeep Grand Cherokee SRT8,,,2012,Jeep,Grand Cherokee SRT8,SUV,Factory,390,C
2012 Jeep Wrangler Rubicon,Jeep Wrangler,,2012,Jeep,Wrangler Rubicon,Pickups & 4x4s,Factory,463,D
2012 Jeep Wrangler Rubicon Traffic,,,2012,Jeep,Wrangler Rubicon Traffic,,Traffic,,
2009 Jeep Grand Cherokee SRT8,Cherokee '09,,2009,Jeep,Grand Cherokee SRT8,Modern SUV,Factory,418,C
1991 Jeep Grand Wagoneer,Jeep Wagoneer,,1991,Jeep,Grand Wagoneer,Vintage Off-roaders,Factory,220,E
1976 Jeep CJ5 Renegade,Jeep CJ5,,1976,Jeep,CJ5 Renegade,Pickups & 4x4s,Factory,431,D
"1976 Jeep CJ5 Renegade ""Welcome Pack""",Jeep CJ5 WP,,1976,Jeep,"CJ5 Renegade ""Welcome Pack""",Offroad,Upgraded,700,B
2020 Jimco #179 Hammerhead Class 1,#179 Hammerhead,,2020,Jimco,#179 Hammerhead Class 1,Unlimited Buggies,Race,763,A
2019 Jimco #240 Fastball Racing Spec Trophy Truck,#240 Jimco TT,,2019,Jimco,#240 Fastball Racing Spec Trophy Truck,Unlimited Offroad,Race,623,B
2010 Joss JT1,,,2010,Joss,JT1,Super,Factory,718,R3
2023 KIA EV6 GT,,,2023,KIA,EV6 GT,Sports Utility Heroes,Factory,,
2018 Kia Stinger,Kia Stinger,,2018,Kia,Stinger,Super Saloons,Factory,715,A
2011 Kia cee'd,,,2011,Kia,cee'd,Modern FWD Hatch,Factory,270,D
2010 Kia Forte Koup SX,,,2010,Kia,Forte Koup SX,Sports,Factory,284,D
2016 Koenigsegg Regera,Regera,,2016,Koenigsegg,Regera,Hypercars,Factory,966,S2
2011 Koenigsegg Agera,Koenigsegg Agera,,2011,Koenigsegg,Agera,Hypercars,Factory,894,S1
2009 Koenigsegg CCX-R Edition,,,2009,Koenigsegg,CCX-R Edition,Super,Factory,851,R2
2008 Koenigsegg CCGT,Koenigsegg CCGT,,2008,Koenigsegg,CCGT,Extreme Track Toys,Race,965,S2
2006 Koenigsegg CCX,Koenigsegg CCX,,2006,Koenigsegg,CCX,Hypercars,Factory,870,S1
2002 Koenigsegg CC8S,Koenigsegg CC8S,,2002,Koenigsegg,CC8S,Hypercars,Factory,846,S1
2021 Lamborghini Aventador LP 780-4 Ultimae,,,2021,Lamborghini,Aventador LP 780-4 Ultimae,Hypercars,Factory,,
2020 Lamborghini Sián Roadster,Lambo Sián R,,2020,Lamborghini,Sián Roadster,Hypercars,Factory,881,S1
2019 Lamborghini Urus,Urus '19,,2019,Lamborghini,Urus,Sports Utility Heroes,Factory,767,A
2014 Lamborghini #14 GMG Racing LP 570-4 Super Trofeo,#14 Lambo Super,,2014,Lamborghini,#14 GMG Racing LP 570-4 Super Trofeo,Forza GT,Race,816,R
2014 Lamborghini #18 DragonSpeed Gallardo LP 570-4 Super Trofeo,#18 Lambo Super,,2014,Lamborghini,#18 DragonSpeed Gallardo LP 570-4 Super Trofeo,Forza GT,Livery,816,R
2014 Lamborghini Huracan LP 610-4 Horizon Edition,Huracan '14 FE,,2014,Lamborghini,Huracan LP 610-4 Horizon Edition,Modern Super Cars,Upgraded,891,S1
2014 Lamborghini Team Forza Huracan LP 610-4,Huracan TF,,2014,Lamborghini,Team Forza Huracan LP 610-4,Exotic GT,Upgraded,,
2014 Lamborghini Urus concept,Lamborghini Urus,,2014,Lamborghini,Urus concept,Sports Utility Heroes,Factory,774,A
2012 Lamborghini Aventador LP700-4,Aventador '12,,2012,Lamborghini,Aventador LP700-4,Hypercars,Factory,847,S1
"2012 Lamborghini Aventador LP700-4 ""Welcome Pack""",Aventador WP,,2012,Lamborghini,"Aventador LP700-4 ""Welcome Pack""",Hypercars,Upgraded,900,S1
2012 Lamborghini Aventador LP700-4 Forza Edition,Aventador FE,,2012,Lamborghini,Aventador LP700-4 Forza Edition,Hypercars,Upgraded,879,S1
2012 Lamborghini Gallardo LP 570-4 Spyder Performante,Gallardo Spyder,,2012,Lamborghini,Gallardo LP 570-4 Spyder Performante,Modern Supercars,Factory,797,A
2011 Lamborghini #08 West Yokohama Gallardo LP560-4,,,2011,Lamborghini,#08 West Yokohama Gallardo LP560-4,GT2,Race,759,R3
2011 Lamborghini Gallardo LP570-4 Superleggera (Day One),,,2011,Lamborghini,Gallardo LP570-4 Superleggera (Day One),Modern GT,Upgraded,,
2011 Lamborghini Sesto Elemento Forza Edition,Lambo Sesto FE,,2011,Lamborghini,Sesto Elemento Forza Edition,Extreme Track Toys,Upgraded,998,S2
2009 Lamborghini Reventon Roadster,,,2009,Lamborghini,Reventon Roadster,Open Top,Factory,681,S
2008 Lamborghini Reventon Forza Edition,Reventon FE,,2008,Lamborghini,Reventon Forza Edition,Modern Super Cars,Upgraded,847,S1
2007 Lamborghini Gallardo Superleggera,,,2007,Lamborghini,Gallardo Superleggera,Super,Factory,675,S
2007 Lamborghini Murcielago LP640,,,2007,Lamborghini,Murcielago LP640,Super,Factory,657,S
2006 Lamborghini Miura Concept,,,2006,Lamborghini,Miura Concept,Super,Factory,698,S
2005 Lamborghini Gallardo,,,2005,Lamborghini,Gallardo,Super,Factory,625,S
2005 Lamborghini Murcielago,,,2005,Lamborghini,Murcielago,Super,Factory,610,S
1988 Lamborghini Countach LP5000 QV Horizon Edition,,,1988,Lamborghini,Countach LP5000 QV Horizon Edition,Retro Super Cars,Upgraded,836,S1
1988 Lamborghini Jalpa,Lambo Jalpa,,1988,Lamborghini,Jalpa,Sport GT Icons,Factory,348,D
1986 Lamborghini LM 002,Lambo LM 002,,1986,Lamborghini,LM 002,Pickups & 4x4s,Factory,562,C
1986 Lancia Delta S4,Lancia Delta S4,,1986,Lancia,Delta S4,Retro Rally,Factory,682,B
1985 Lancia Delta S4 Group B,Lancia Group B,,1985,Lancia,Delta S4 Group B,Rally Heroes,Race,766,S
1982 Lancia 037 Stradale,Lancia 037,,1982,Lancia,037 Stradale,Retro Rally,Factory,647,C
1980 Lancia #31 Lancia Corse Beta Montecarlo Turbo,#31 Lancia Turbo,,1980,Lancia,#31 Lancia Corse Beta Montecarlo Turbo,GT Racing Reborn,Race,806,R
1975 Lancia Stratos HF Group 4,Lancia Group 4,,1975,Lancia,Stratos HF Group 4,Rally Heroes,Race,557,A
1974 Lancia Stratos HF Stradale,Lancia Stratos,,1974,Lancia,Stratos HF Stradale,Classic Rally,Factory,590,C
1968 Lancia Fulvia Coupe Rallye 1.6 HF,Lancia Fulvia,,1968,Lancia,Fulvia Coupe Rallye 1.6 HF,Classic Rally,Factory,490,D
2020 Land Rover Defender 110 X,LR Defender '20,,2020,Land Rover,Defender 110 X,Sports Utility Heroes,Factory,534,C
2018 Land Rover Range Rover Velar First Edition,Land Rover Velar,,2018,Land Rover,Range Rover Velar First Edition,Sports Utility Heroes,Factory,638,B
2015 Land Rover Range Rover Sport SVR,Range Rover '15,,2015,Land Rover,Range Rover Sport SVR,Sports Utility Heroes,Factory,722,A
2014 Land Rover Range Rover Supercharged,Range Rover '14,,2014,Land Rover,Range Rover Supercharged,Sports Utility Heroes,Factory,726,A
2012 Land Rover Range Rover Supercharged,Range Rover '12,,2012,Land Rover,Range Rover Supercharged,Modern SUV,Factory,435,C
2008 Land Rover Range Rover Supercharged,,,2008,Land Rover,Range Rover Supercharged,SUV,Factory,357,C
1997 Land Rover Defender 90,LR Defender,,1997,Land Rover,Defender 90,Pickups & 4x4s,Factory,366,D
1973 Land Rover Range Rover,Range Rover '73,,1973,Land Rover,Range Rover,Pickups & 4x4s,Factory,274,D
1972 Land Rover Series III,LR Series III,,1972,Land Rover,Series III,Pickups & 4x4s,Factory,100,D
1972 Land Rover Series III,,,1972,Land Rover,Series III,Pickups & 4x4s,Factory,,
1972 Land Rover Series III Forza Edition,LR Series III FE,,1972,Land Rover,Series III Forza Edition,Pickups & 4x4s,Upgraded,126,D
2019 LEGO Speed Champions Bugatti Chiron,LEGO Chiron,,2019,LEGO Speed Champions,Bugatti Chiron,Hypercars,Tuner,937,S2
2019 LEGO Speed Champions McLaren Senna,LEGO Senna,,2019,LEGO Speed Champions,McLaren Senna,Hypercars,Tuner,978,S2
1987 LEGO Speed Champions Ferrari F40 Competizione,LEGO F40 C,,1987,LEGO Speed Champions,Ferrari F40 Competizione,Extreme Track Toys,Tuner,973,S2
1974 LEGO Speed Champions Porsche 911 Turbo 3.0,LEGO Porsche 911,,1974,LEGO Speed Champions,Porsche 911 Turbo 3.0,Extreme Track Toys,Tuner,898,S1
1967 LEGO Speed Champions Mini Cooper S Rally,LEGO Mini Cooper,,1967,LEGO Speed Champions,Mini Cooper S Rally,Rally Monsters,Tuner,831,S1
2012 Lexus LFA Nurburgring Edition,,,2012,Lexus,LFA Nurburgring Edition,Super,Factory,680,S
2011 Lexus CT200h,,,2011,Lexus,CT200h,Sedan,Factory,195,F
2010 Lexus #1 Petronas Tom's SC430,,,2010,Lexus,#1 Petronas Tom's SC430,SGT500,Livery,857,R2
2009 Lexus IS F,Lexus IS F,,2009,Lexus,IS F,Super Saloons,Factory,737,A
2008 Lexus #25 Eclipse Advan SC430,,,2008,Lexus,#25 Eclipse Advan SC430,SGT500,Livery,857,R2
2008 Lexus #36 Petronas Tom's SC430,,,2008,Lexus,#36 Petronas Tom's SC430,SGT500,Livery,828,R2
2008 Lexus #6 Eneos SC430,,,2008,Lexus,#6 Eneos SC430,SGT500,Race,857,R2
2006 Lexus IS350,,,2006,Lexus,IS350,Sedan,Factory,397,C
2003 Lexus Foose Design IS430 Project Car,,,2003,Lexus,Foose Design IS430 Project Car,,Tuner,602,B
2003 Lexus IS300,,,2003,Lexus,IS300,Sedan,Factory,342,D
2002 Lexus SC430,,,2002,Lexus,SC430,Sports,Factory,373,C
1997 Lexus SC300,Lexus SC300,,1997,Lexus,SC300,Retro Sports Cars,Factory,555,C
2017 Lincoln Continental,Continental '17,,2017,Lincoln,Continental,Sport Luxury,Factory,437,C
1962 Lincoln Continental,,,1962,Lincoln,Continental,Sedan,Factory,214,E
2014 Local Motors Rally Fighter,Rally Fighter,,2014,Local Motors,Rally Fighter,Unlimited Offroad,Factory,716,A
2014 Local Motors Rally Fighter F&F Edition,Fally Fighter FF,,2014,Local Motors,Rally Fighter F&F Edition,Fast & Furious,Tuner,502,B
2015 Lotus E23,Lotus E23,,2015,Lotus,E23,Modern Grand Prix,Race,,
2013 Lotus E21,,,2013,Lotus,E21,Modern GP,Race,999,X
2012 Lotus Exige S,Lotus Exige S,,2012,Lotus,Exige S,Modern Sports Cars,Factory,754,A
2009 Lotus 2-Eleven,Lotus 2-Eleven,,2009,Lotus,2-Eleven,Track Toys,Factory,813,S1
2009 Lotus Evora,,,2009,Lotus,Evora,Sports,Factory,493,B
2009 Lotus Evora Type 124 Endurance Racecar,,,2009,Lotus,Evora Type 124 Endurance Racecar,Super,Race,694,S
2006 Lotus Exige Cup 240,,,2006,Lotus,Exige Cup 240,Superlight,Factory,528,A
2005 Lotus Elise,,,2005,Lotus,Elise,,Factory,,C2
2005 Lotus Elise 111S,Lotus Elise '05,,2005,Lotus,Elise 111S,Retro Sports Cars,Factory,650,B
2005 Lotus Exige,,,2005,Lotus,Exige,,Factory,571,B
2005 Lotus Exige Espionage,,,2005,Lotus,Exige Espionage,,Tuner,,
2003 Lotus Elise 135R,,,2003,Lotus,Elise 135R,,Factory,491,C
1999 Lotus Elise Series 1 Sport 190,Lotus Elise '99,,1999,Lotus,Elise Series 1 Sport 190,Retro Sports Cars,Factory,711,A
1997 Lotus Elise GT1,Lotus Elise GT1,,1997,Lotus,Elise GT1,Retro Supercars,Race,794,A
1980 Lotus Esprit Turbo,,,1980,Lotus,Esprit Turbo,Sports,Factory,304,D
1956 Lotus Eleven,Lotus Eleven,,1956,Lotus,Eleven,Classic Racers,Race,553,C
2022 Lynk & Co 05+,,,2022,Lynk & Co,05+,Sports Utility Heroes,Factory,,
2021 Lynk & Co 02 Hatchback,,,2021,Lynk & Co,02 Hatchback,Hot Hatch,Factory,,
2020 Lynk & Co #100 Cyan Racing 03,#100 Lynk&Co 03,,2020,Lynk & Co,#100 Cyan Racing 03,Track Toys,Race,800,A
2017 Maserati Levante S,Maserati Levante,,2017,Maserati,Levante S,Sports Utility Heroes,Factory,696,B
2014 Maserati #35 M.Calamia Swiss Team MC Trofeo,#35 Maserati MC,,2014,Maserati,#35 M.Calamia Swiss Team MC Trofeo,Forza GT,Race,779,S
2014 Maserati Ghibli S F&F Edition,,,2014,Maserati,Ghibli S F&F Edition,Super Saloons,Tuner,900,S1
2011 Maserati Quattroporte Sport GT S,,,2011,Maserati,Quattroporte Sport GT S,Sedan,Factory,479,B
2010 Maserati Gran Turismo S,Maserati GT-S,,2010,Maserati,Gran Turismo S,GT Cars,Factory,702,A
2010 Maserati Gran Turismo S Forza Edition,Maserati GTS FE,,2010,Maserati,Gran Turismo S Forza Edition,Track Toys,Upgraded,900,S1
2010 Maserati GranTurismo MC GT4,,,2010,Maserati,GranTurismo MC GT4,Super,Factory,674,S
2008 Maserati GranTurismo,,,2008,Maserati,GranTurismo,Coupe,Factory,435,B
2008 Maserati MC12 Versione Corsa,MC12 Corsa '08,,2008,Maserati,MC12 Versione Corsa,Extreme Track Toys,Race,961,S2
2006 Maserati GranSport,,,2006,Maserati,GranSport,Sports,Factory,477,B
2006 Maserati MC12 Corsa,,,2006,Maserati,MC12 Corsa,,Factory,999,U
2005 Maserati #15 JMB Racing MC12,,,2005,Maserati,#15 JMB Racing MC12,GT1,Race,824,R2
2005 Maserati #35 Risi Competizione MC12,,,2005,Maserati,#35 Risi Competizione MC12,GT1,Livery,842,R2
2005 Maserati #9 Vitaphone Racing Team MC12,,,2005,Maserati,#9 Vitaphone Racing Team MC12,GT1,Livery,845,R2
2004 Maserati MC12 Forza Edition,MC12 FE,,2004,Maserati,MC12 Forza Edition,Extreme Track Toys,Upgraded,945,S2
1957 Maserati 250F,,,1957,Maserati,250F,The Birth of Grand Prix,Race,598,B
2016 Mazda MX-5 Forza Edition,Mazda MX-5 FE,,2016,Mazda,MX-5 Forza Edition,Sport Compact,Upgraded,517,B
2016 Mazda MX-5 Pringles Edition,,,2016,Mazda,MX-5 Pringles Edition,Compact Sport Coupe,Livery,,
2016 Mazda Team Forza MX-5,Mazda MX-5 TF,,2016,Mazda,Team Forza MX-5,Compact Sport Coupe,Livery,,
2013 Mazda #7 Andretti Autosport USF2000,,,2013,Mazda,#7 Andretti Autosport USF2000,? none,Race,,
2013 Mazda MX-5 Cup,Mazda MX-5 Cup,,2013,Mazda,MX-5 Cup,Mazda MX-5 Cup Spec,Race,382,D
2011 Mazda 2,,,2011,Mazda,2,City,Factory,202,E
2010 Mazda #16 Dyson Racing B09/86,,,2010,Mazda,#16 Dyson Racing B09/86,Forza P2,Race,958,R1
2010 Mazda 3 Traffic,,,2010,Mazda,3 Traffic,,Traffic,,
2010 Mazda Mazdaspeed 3,Mazda 3,,2010,Mazda,Mazdaspeed 3,Modern Hot Hatch,Factory,383,D
2010 Mazda MX-5 Super20,Mazda MX-5 '10,,2010,Mazda,MX-5 Super20,Sport Compact,Factory,484,C
2010 Mazda MX-5 Superlight,,,2010,Mazda,MX-5 Superlight,Roadster,Factory,323,D
2009 Mazda #16 Dyson Racing B09/86,,,2009,Mazda,#16 Dyson Racing B09/86,P2,Race,958,R1
2009 Mazda Mazdaspeed 3,,,2009,Mazda,Mazdaspeed 3,Wagon,Factory,415,C
2007 Mazda MX-5 Roadster Coupe,,,2007,Mazda,MX-5 Roadster Coupe,Roadster,Factory,309,D
2005 Mazda Axela Sport 23S,,,2005,Mazda,Axela Sport 23S,Wagon,Factory,240,E
2005 Mazda Mazdaspeed MX-5,Mazda MX-5 '05,,2005,Mazda,Mazdaspeed MX-5,Retro Sports Cars,Factory,587,C
2004 Mazda 3 Sport,,,2004,Mazda,3 Sport,,Factory,,D3
2004 Mazda RX-8,,,2004,Mazda,RX-8,,Factory,,C4
2004 Mazda RX-8 Mazdaspeed,,,2004,Mazda,RX-8 Mazdaspeed,Sports,Factory,388,C
2003 Mazda Protege MAZDASPEED,,,2003,Mazda,Protege MAZDASPEED,,Factory,,D3
2002 Mazda RX-7 Spirit-R,,,2002,Mazda,RX-7 Spirit-R,,Factory,,B4
2001 Mazda Mazdaspeed Familia,,,2001,Mazda,Mazdaspeed Familia,Sedan,Factory,283,D
2001 Mazda Mazdaspeed Roadster,,,2001,Mazda,Mazdaspeed Roadster,Roadster,Factory,334,D
2000 Mazda Miata MX-5 1.8i Sport,,,2000,Mazda,Miata MX-5 1.8i Sport,,Factory,,D3
2000 Mazda MX-5 MAZDASPEED,,,2000,Mazda,MX-5 MAZDASPEED,,Factory,,D2
1995 Mazda AB Flug RX-7,,,1995,Mazda,AB Flug RX-7,,Tuner,613,B
1995 Mazda INGS RX-7,,,1995,Mazda,INGS RX-7,,Tuner,586,B
1995 Mazda RE-Amemiya RX-7,,,1995,Mazda,RE-Amemiya RX-7,,Tuner,846,A
1995 Mazda RX-7 Turbo,,,1995,Mazda,RX-7 Turbo,,Factory,,B4
1991 Mazda #18 787B,#18 Mazda 787B,,1991,Mazda,#18 787B,Early Prototype Racers,Livery,979,P
1990 Mazda RX-7 Turbo,,,1990,Mazda,RX-7 Turbo,,Factory,,D1
2019 McLaren Speedtail,Speedtail '19,,2019,McLaren,Speedtail,Hypercars,Factory,910,S2
2018 McLaren 720S Coupe Preorder Car,McLaren 720S PO,,2018,McLaren,720S Coupe Preorder Car,Modern Super Cars,Upgraded,998,S2
2015 McLaren 570S Coupe,McLaren 570S,,2015,McLaren,570S Coupe,Modern Supercars,Factory,824,S1
2014 McLaren #60 Bhaitech 12C GT3,#60 McLaren 12C,,2014,McLaren,#60 Bhaitech 12C GT3,Forza GT,Race,813,R
2014 McLaren #98 ART Grand Prix 12C GT3,#98 12C GT3,,2014,McLaren,#98 ART Grand Prix 12C GT3,Modern GT Racing,Livery,,
2014 McLaren 650S Spider,650S Spider,,2014,McLaren,650S Spider,Modern Supercars,Factory,856,S1
2013 McLaren P1 'Owen's Edition',Owen's McLaren,,2013,McLaren,P1 'Owen's Edition',Hypercars,Livery,957,S2
2013 McLaren P1 (Ltd. Ed.),,,2013,McLaren,P1 (Ltd. Ed.),Modern Hypercar,Upgraded,,
2013 McLaren Team Forza P1,McLaren P1 TF,,2013,McLaren,Team Forza P1,Modern Hypercar,Upgraded,,
2011 McLaren #59 McLaren GT 12C GT3,#59 McLaren 12C,,2011,McLaren,#59 McLaren GT 12C GT3,Forza GT,Race,819,R
2011 McLaren MP4-12C (livery),,,2011,McLaren,MP4-12C (livery),Modern GT,Upgraded,,
1998 McLaren #41 Gulf Team Davidoff McLaren F1 GTR,,,1998,McLaren,#41 Gulf Team Davidoff McLaren F1 GTR,GTS,Livery,848,R2
1997 McLaren #41 Team McLaren F1 GTR,,,1997,McLaren,#41 Team McLaren F1 GTR,GTS,Livery,843,R2
1997 McLaren #43 Team BMW McLaren F1 GTR,,,1997,McLaren,#43 Team BMW McLaren F1 GTR,GTS,Race,848,R2
2021 Mercedes-AMG SL 63,,,2021,Mercedes-AMG,SL 63,Super Saloons,Factory,,
2017 Mercedes-AMG GT R Preorder Car,M-B AMG GTR PO,,2017,Mercedes-AMG,GT R Preorder Car,Super GT,Upgraded,900,S1
2016 Mercedes-AMG C 63 S Coupe PreOrder Edition,,,2016,Mercedes-AMG,C 63 S Coupe PreOrder Edition,Super Saloons,Upgraded,800,A
2015 Mercedes-AMG GT S,M-B AMG GT,,2015,Mercedes-AMG,GT S,Super GT,Factory,797,A
2015 Mercedes-AMG GT S F&F Edition,M-B AMG GT FF,,2015,Mercedes-AMG,GT S F&F Edition,Fast & Furious,Tuner,649,A
2018 Mercedes-Benz X-Class,M-B X-Class,,2018,Mercedes-Benz,X-Class,Pickups & 4x4s,Factory,368,D
"2017 Mercedes-Benz E 350 D 4Matic All-Terrain ""Project E-AT""",Mercedes E 350 D,,2017,Mercedes-Benz,"E 350 D 4Matic All-Terrain ""Project E-AT""",Offroad,Factory,578,C
2015 Mercedes-Benz #24 Tankpool24 Racing Truck,#24 M-B Truck,,2015,Mercedes-Benz,#24 Tankpool24 Racing Truck,Trucks,Race,702,A
2015 Mercedes-Benz #24 Tankpool24 Racing Truck Forza Edition,#24 M-B Truck FE,,2015,Mercedes-Benz,#24 Tankpool24 Racing Truck Forza Edition,Unlimited Offroad,Upgraded,800,A
2015 Mercedes-Benz #4 Erebus Motorsport E63 AMG V8 Supercar,#4 M-B E63 AMG,,2015,Mercedes-Benz,#4 Erebus Motorsport E63 AMG V8 Supercar,V8 Supercars,Race,,
2015 Mercedes-Benz #9 Erebus Motorsport E63 AMG V8 Supercar,#9 M-B E63 AMG,,2015,Mercedes-Benz,#9 Erebus Motorsport E63 AMG V8 Supercar,Supercars Championship,Livery,785,S
2014 Mercedes-Benz #33 WIX Racing A-Class,#33 A-Class,,2014,Mercedes-Benz,#33 WIX Racing A-Class,Global Touring Cars,Race,,
2014 Mercedes-Benz #84 HTP Motorsport SLS AMG GT3,#84 M-B SLS GT3,,2014,Mercedes-Benz,#84 HTP Motorsport SLS AMG GT3,Forza GT,Race,808,R
2014 Mercedes-Benz G 63 AMG 6x6,M-B G 63 6x6,,2014,Mercedes-Benz,G 63 AMG 6x6,Pickups & 4x4s,Factory,606,B
2014 Mercedes-Benz Unimog U5023,M-B Unimog,,2014,Mercedes-Benz,Unimog U5023,Trucks,Factory,103,D
2013 Mercedes-Benz A 45 AMG Forza Edition,M-B A45 FE,,2013,Mercedes-Benz,A 45 AMG Forza Edition,Modern Hot Hatch,Upgraded,499,C
2013 Mercedes-Benz A 45 AMG Horizon Edition,,,2013,Mercedes-Benz,A 45 AMG Horizon Edition,Super Hot Hatch,Upgraded,773,A
2013 Mercedes-Benz A45 AMG (Day One livery),,,2013,Mercedes-Benz,A45 AMG (Day One livery),Super Hot Hatch,Livery,700,B
2013 Mercedes-Benz E 63 AMG,M-B E63,,2013,Mercedes-Benz,E 63 AMG,Super Saloons,Factory,751,A
2013 Mercedes-Benz G 65 AMG,M-B G 65,,2013,Mercedes-Benz,G 65 AMG,Pickups & 4x4s,Factory,639,B
2012 Mercedes-Benz C 63 AMG Coupe Black Series Forza Edition,M-B C63 FE,,2012,Mercedes-Benz,C 63 AMG Coupe Black Series Forza Edition,Sport Touring,Upgraded,675,A
2012 Mercedes-Benz C 63 AMG Coupe Black Series Horizon Edition,,,2012,Mercedes-Benz,C 63 AMG Coupe Black Series Horizon Edition,Super Saloons,Upgraded,846,S1
2012 Mercedes-Benz S65 AMG,,,2012,Mercedes-Benz,S65 AMG,Sedan,Factory,552,A
2011 Mercedes-Benz #35 Black Falcon SLS AMG GT3,#35 M-B SLS GT3,,2011,Mercedes-Benz,#35 Black Falcon SLS AMG GT3,Forza GT,Race,808,R
2010 Mercedes-Benz C63 AMG,,,2010,Mercedes-Benz,C63 AMG,Sedan,Factory,507,A
2010 Mercedes-Benz CL 65 AMG,,,2010,Mercedes-Benz,CL 65 AMG,Sports,Factory,522,A
2010 Mercedes-Benz E 63 AMG,,,2010,Mercedes-Benz,E 63 AMG,Sedan,Factory,517,A
2010 Mercedes-Benz SLK 55 AMG,,,2010,Mercedes-Benz,SLK 55 AMG,Roadster,Factory,507,A
2009 Mercedes-Benz A200 Turbo Coupe,,,2009,Mercedes-Benz,A200 Turbo Coupe,,Factory,,
2009 Mercedes-Benz ML 63 AMG,M-B ML 63,,2009,Mercedes-Benz,ML 63 AMG,Modern SUV,Factory,508,B
2009 Mercedes-Benz SL 65 AMG Black Series Forza Edition,M-B SL65 FE,,2009,Mercedes-Benz,SL 65 AMG Black Series Forza Edition,Super GT,Upgraded,820,S1
2009 Mercedes-Benz SLR Stirling Moss,,,2009,Mercedes-Benz,SLR Stirling Moss,Roadster,Factory,636,S
2008 Mercedes-Benz Mercedes-AMG #4 C-Class Touring Car,,,2008,Mercedes-Benz,Mercedes-AMG #4 C-Class Touring Car,GTC,Race,834,R2
2006 Mercedes-Benz E 55 AMG Wagon,,,2006,Mercedes-Benz,E 55 AMG Wagon,Retro Saloons,Factory,,
2005 Mercedes-Benz CL65 AMG,,,2005,Mercedes-Benz,CL65 AMG,,Factory,,A2
2005 Mercedes-Benz SLR,Mercedes SLR,,2005,Mercedes-Benz,SLR,Ultimate Grand Tourer,Factory,,
2003 Mercedes-Benz #3 CLK-DTM,,,2003,Mercedes-Benz,#3 CLK-DTM,,Race,,GTS
2003 Mercedes-Benz CLK55 AMG Coupe,,,2003,Mercedes-Benz,CLK55 AMG Coupe,Sports,Factory,462,B
1998 Mercedes-Benz #11 D2 CLK-GTR,,,1998,Mercedes-Benz,#11 D2 CLK-GTR,,Race,,P1
1998 Mercedes-Benz AMG CLK GTR Forza Edition,M-B CLK-GTR FE,,1998,Mercedes-Benz,AMG CLK GTR Forza Edition,Extreme Track Toys,Upgraded,998,S2
1992 Mercedes-Benz 500 E,,,1992,Mercedes-Benz,500 E,Retro Saloons,Factory,,
1987 Mercedes-Benz AMG Hammer Coupe,AMG Hammer Coupe,,1987,Mercedes-Benz,AMG Hammer Coupe,Retro Saloons,Factory,681,B
1987 Mercedes-Benz AMG Hammer Wagon,,,1987,Mercedes-Benz,AMG Hammer Wagon,,Factory,,
1972 Mercedes-Benz 300 SEL 6.3,M-B 300 SEL,,1972,Mercedes-Benz,300 SEL 6.3,Early Sport Touring,Race,299,E
1929 Mercedes-Benz SSK,M-B SSK,,1929,Mercedes-Benz,SSK,Rare Classics,Factory,256,D
1970 Mercury Cyclone Spoiler,Mercury Cyclone,,1970,Mercury,Cyclone Spoiler,Classic Muscle,Factory,491,D
1949 Mercury Coupe,Mercury Coupe,,1949,Mercury,Coupe,Rods and Customs,Factory,158,D
1971 Meyers Manx,Meyers Manx,,1971,Meyers,Manx,Cult Cars,Factory,291,D
1971 Meyers Manx Forza Edition,Meyers Manx FE,,1971,Meyers,Manx Forza Edition,Track Toys,Upgraded,800,A
2023 MG Cyberster,,,2023,MG,Cyberster,,Factory,,
2022 MG MG7,,,2022,MG,MG7,Super Saloons,Factory,,
2015 MG MG3,MG MG3,,2015,MG,MG3,Hot Hatch,Factory,444,D
2005 MG XPower SV-R,MG SV-R '05,,2005,MG,XPower SV-R,Retro Sports Cars,Factory,694,B
1986 MG Metro 6R4,MG Metro 6R4,,1986,MG,Metro 6R4,Rally Monsters,Race,811,S1
1986 MG Metro 6R4 Horizon Edition,,,1986,MG,Metro 6R4 Horizon Edition,Rally Monsters,Upgraded,900,S1
1984 MG Metro 6R4,,,1984,MG,Metro 6R4,,Race,868,S1
1938 MG TA Midget,MG TA '38,,1938,MG,TA Midget,Classic Sports Cars,Factory,100,D
2018 MINI John Cooper Works Convertible,Mini Convertible,,2018,MINI,John Cooper Works Convertible,Hot Hatch,Factory,639,B
2018 MINI John Cooper Works Countryman ALL4,Mini Countryman,,2018,MINI,John Cooper Works Countryman ALL4,Sports Utility Heroes,Factory,537,C
2018 MINI X-Raid John Cooper Works Buggy,Mini JCW Buggy,,2018,MINI,X-Raid John Cooper Works Buggy,Offroad,Factory,632,B
2013 MINI X-Raid ALL4 Racing Countryman,Mini X-Raid,,2013,MINI,X-Raid ALL4 Racing Countryman,Offroad,Race,632,B
2012 MINI John Cooper Works Coupe,,,2012,MINI,John Cooper Works Coupe,Sports,Factory,363,C
2012 MINI John Cooper Works GP Forza Edition,Mini JCW '12 FE,,2012,MINI,John Cooper Works GP Forza Edition,Modern Hot Hatch,Upgraded,498,C
2012 MINI John Cooper Works GP Horizon Edition,,,2012,MINI,John Cooper Works GP Horizon Edition,Hot Hatch,Upgraded,702,A
2011 MINI Cooper S,,,2011,MINI,Cooper S,Hatch,Factory,342,C
2011 MINI John Cooper Works Clubman,,,2011,MINI,John Cooper Works Clubman,Hatch,Factory,381,C
2010 MINI Coupe Concept,,,2010,MINI,Coupe Concept,Coupe,Factory,309,D
2009 MINI John Cooper Works,Mini JCW '09,,2009,MINI,John Cooper Works,Hot Hatch,Factory,598,C
2003 MINI Cooper S,,,2003,MINI,Cooper S,Hatch,Factory,315,D
1965 MINI Cooper S Forza Edition,Mini '65 FE,,1965,MINI,Cooper S Forza Edition,Super Hot Hatch,Upgraded,800,A
1965 MINI Cooper S Horizon Edition,,,1965,MINI,Cooper S Horizon Edition,Classic Rally,Upgraded,549,C
2010 Mitsubishi Colt Ralliart,,,2010,Mitsubishi,Colt Ralliart,Hatch,Factory,307,D
2008 Mitsubishi GameStation Lancer Evo X GSR,,,2008,Mitsubishi,GameStation Lancer Evo X GSR,,Livery,,
2008 Mitsubishi Lancer Evolution X GSR 'Welcome Pack',Lancer GSR WP,,2008,Mitsubishi,Lancer Evolution X GSR 'Welcome Pack',Modern Rally,Upgraded,800,A
2008 Mitsubishi Lancer Evolution X GSR LCE Livery,,,2008,Mitsubishi,Lancer Evolution X GSR LCE Livery,Sedan,Livery,437,B
2006 Mitsubishi Eclipse GT,,,2006,Mitsubishi,Eclipse GT,Sports,Factory,352,C
2006 Mitsubishi HKS Time Attack Evolution,,,2006,Mitsubishi,HKS Time Attack Evolution,Sedan,Tuner,711,R3
2004 Mitsubishi Lancer Evolution VIII FQ-330,,,2004,Mitsubishi,Lancer Evolution VIII FQ-330,,Factory,,B2
2004 Mitsubishi Lancer Evolution VIII GSR,,,2004,Mitsubishi,Lancer Evolution VIII GSR,,Factory,536,C
2003 Mitsubishi Eclipse GTS,,,2003,Mitsubishi,Eclipse GTS,Sports,Factory,249,E
2003 Mitsubishi Sparco Lancer Evolution VIII,,,2003,Mitsubishi,Sparco Lancer Evolution VIII,,Tuner,797,A
2000 Mitsubishi Lancer Evolution VI TME,,,2000,Mitsubishi,Lancer Evolution VI TME,,Factory,,C2
1999 Mitsubishi MINE's CP9A Lancer Evolution VI,,,1999,Mitsubishi,MINE's CP9A Lancer Evolution VI,,Tuner,727,A
1997 Mitsubishi 3000GT VR-4,,,1997,Mitsubishi,3000GT VR-4,,Factory,,C2
1997 Mitsubishi Montero Evolution,,,1997,Mitsubishi,Montero Evolution,,Factory,,
1995 Mitsubishi Eclipse GS F&F Edition,1995 Eclipse FF,,1995,Mitsubishi,Eclipse GS F&F Edition,? none/Japanese Street,Tuner,,
1992 Mitsubishi Galant VR-4 Traffic,,,1992,Mitsubishi,Galant VR-4 Traffic,,Traffic,,
1988 Mitsubishi Starion ESI-R,Starion ESI-R,,1988,Mitsubishi,Starion ESI-R,Retro Sports Cars,Factory,549,C
2014 Morgan 3 Wheeler,Morgan 3 Wheeler,,2014,Morgan,3 Wheeler,Cult Cars,Factory,488,D
2010 Morgan Aero SuperSports,Morgan Aero,,2010,Morgan,Aero SuperSports,Modern Sports Cars,Factory,766,A
1965 Morris Mini-Traveller,Morris Traveller,,1965,Morris,Mini-Traveller,Vans & Utility,Factory,100,D
1953 Morris Minor 1000,Morris Minor,,1953,Morris,Minor 1000,Cult Cars,Factory,100,D
1953 Morris Minor 1000 Forza Edition,Morris Minor FE,,1953,Morris,Minor 1000 Forza Edition,Track Toys,Upgraded,800,A
1953 Morris Minor Series II Traveler,Morris Traveler,,1953,Morris,Minor Series II Traveler,Vans & Utility,Factory,100,D
2010 Mosler MT900S,Mosler MT900S,,2010,Mosler,MT900S,Extreme Track Toys,Factory,919,S2
2006 Mosler MT900 GT3,Mosler MT900 GT3,,2006,Mosler,MT900 GT3,Extreme Track Toys,Race,910,S2
1933 Napier Napier-Railton,Napier-Railton,,1933,Napier,Napier-Railton,Vintage Racers,Factory,603,B
2017 Nissan #78 Nissan Motorsport Altima,#78 Nissan Altima,,2017,Nissan,#78 Nissan Motorsport Altima,Supercars Championship,Livery,785,S
2017 Nissan GT-R Preorder Car,Nissan GT-R PO,,2017,Nissan,GT-R Preorder Car,Modern Super Cars,Upgraded,900,S1
2016 Nissan Titan Warrior Concept,Nissan Titan,,2016,Nissan,Titan Warrior Concept,Pickups & 4x4s,Factory,486,D
2016 Nissan Titan Warrior Concept Forza Edition,Nissan Titan FE,,2016,Nissan,Titan Warrior Concept Forza Edition,Extreme Offroad,Upgraded,583,C
2015 Nissan #23 NISMO MOTUL AUTECH GT-R,#23 NISMO GT-R,,2015,Nissan,#23 NISMO MOTUL AUTECH GT-R,Forza GT,Race,978,P
2015 Nissan #23 Nissan Motorsport Altima,#23 Altima,,2015,Nissan,#23 Nissan Motorsport Altima,Supercars Championship,Race,,
2015 Nissan IDx NISMO,Nissan IDx NISMO,,2015,Nissan,IDx NISMO,Sport Compact,Factory,397,D
2014 Nissan Juke Nismo RS,Nissan Juke,,2014,Nissan,Juke Nismo RS,Modern SUV,Factory,370,D
2014 Nissan Juke Pringles Edition,,,2014,Nissan,Juke Pringles Edition,Hot Hatch,Livery,,
2012 Nissan GT-R Black Edition (R35),Nissan GT-R '12,,2012,Nissan,GT-R Black Edition (R35),Modern Supercars,Factory,810,S1
2012 Nissan GT-R Black Edition Forza Edition,Nissan GT-R FE,,2012,Nissan,GT-R Black Edition Forza Edition,Sport GT,Upgraded,772,S
2012 Nissan GT-R Black Edition Horizon Edition,,,2012,Nissan,GT-R Black Edition Horizon Edition,Modern Super Cars,Upgraded,882,S1
2011 Nissan Leaf,,,2011,Nissan,Leaf,Hatch,Factory,125,F
2011 Nissan Micra,,,2011,Nissan,Micra,City,Factory,121,F
2010 Nissan #12 Calsonic Impul GT-R,,,2010,Nissan,#12 Calsonic Impul GT-R,SGT500,Livery,859,R2
2010 Nissan 370Z,Nissan 370Z,,2010,Nissan,370Z,Modern Sports Cars,Factory,688,B
2010 Nissan G-Shock 370Z,,,2010,Nissan,G-Shock 370Z,Sports Cars,Livery,712,A
2010 Nissan GT-R SPECV,,,2010,Nissan,GT-R SPECV,Super,Factory,663,S
2009 Nissan Versa SL,,,2009,Nissan,Versa SL,Economy,Factory,209,E
2008 Nissan #23 Xanavi Nismo GT-R,,,2008,Nissan,#23 Xanavi Nismo GT-R,SGT500,Livery,859,R2
2008 Nissan #24 Woodone Advan Clarion GT-R,,,2008,Nissan,#24 Woodone Advan Clarion GT-R,SGT500,Livery,859,R2
2008 Nissan #3 YellowHat YMS Tomica GT-R,,,2008,Nissan,#3 YellowHat YMS Tomica GT-R,SGT500,Race,859,R2
2007 Nissan 350Z Grand Touring Coupe,,,2007,Nissan,350Z Grand Touring Coupe,,Factory,519,C
2007 Nissan Altima 3.5 SE,,,2007,Nissan,Altima 3.5 SE,,Factory,387,D
2007 Nissan Sentra SE-R Spec V,,,2007,Nissan,Sentra SE-R Spec V,Sedan,Factory,336,D
2005 Nissan #46 Dream Cube's ADVAN Z,,,2005,Nissan,#46 Dream Cube's ADVAN Z,SGT300,Race,736,R3
2004 Nissan Pickup #23 Rally Raid,#23 Nissan RR,,2004,Nissan,Pickup #23 Rally Raid,Unlimited Offroad,Race,577,C
2003 Nissan #12 Calsonic Skyline,,,2003,Nissan,#12 Calsonic Skyline,SGT500,Race,858,R2
2003 Nissan #23 Xanavi Nismo GT-R,,,2003,Nissan,#23 Xanavi Nismo GT-R,SGT500,Race,825,R2
2003 Nissan #3 Hasemisport Endless Z,,,2003,Nissan,#3 Hasemisport Endless Z,SGT300,Livery,736,R3
2003 Nissan 350Z Track,,,2003,Nissan,350Z Track,,Factory,,B4
2003 Nissan Fairlady Z Forza Edition,Fairlady Z FE,,2003,Nissan,Fairlady Z Forza Edition,Unlimited Offroad,Upgraded,800,A
2003 Nissan Forza Motorsport Fairlady Z,,,2003,Nissan,Forza Motorsport Fairlady Z,Coupe,Upgraded,645,S
2003 Nissan Skyline Coupe 350GT,,,2003,Nissan,Skyline Coupe 350GT,Sports,Factory,418,C
2003 Nissan Skylne,,,2003,Nissan,Skylne,,Factory,,C2
2003 Nissan Team Forza Fairlady Z,Fairlady Z TF,,2003,Nissan,Team Forza Fairlady Z,Japanese Street Kings,Upgraded,,
2002 Nissan Fairlady Z F&F Edition,2002 Fairlady FF,,2002,Nissan,Fairlady Z F&F Edition,? none/Japanese Street,Tuner,,
2002 Nissan MINE'S R34 Skyline GT-R,,,2002,Nissan,MINE'S R34 Skyline GT-R,Sports,Tuner,691,S
2002 Nissan Skyline GT-R V-Spec II Nur,,,2002,Nissan,Skyline GT-R V-Spec II Nur,,Factory,666,B
2002 Nissan Tommy Kaira Skyline GT-R R34,,,2002,Nissan,Tommy Kaira Skyline GT-R R34,,Tuner,665,B
2000 Nissan Silvia Spec-R Forza Edition,,,2000,Nissan,Silvia Spec-R Forza Edition,Sport Compact Icons,Upgraded,497,C
2000 Nissan Silvia Spec-R Horizon Edition,,,2000,Nissan,Silvia Spec-R Horizon Edition,Asian Sports Cars,Upgraded,742,A
2000 Nissan Top Secret D1-Spec S15,,,2000,Nissan,Top Secret D1-Spec S15,Super,Tuner,642,S
1999 Nissan Skyline GT-R F&F Edition,1999 Skyline FF,,1999,Nissan,Skyline GT-R F&F Edition,? none/Modern Sport,Tuner,,
1998 Nissan #32 Nissan R390 GT1,,,1998,Nissan,#32 Nissan R390 GT1,GTS,Race,859,R2
1998 Nissan 240SX SE,,,1998,Nissan,240SX SE,,Factory,,D4
1997 Nissan #23 Nissan Motorsports R390 GT1,,,1997,Nissan,#23 Nissan Motorsports R390 GT1,GTS,Livery,864,R2
1997 Nissan Stagea Four V,,,1997,Nissan,Stagea Four V,,Factory,,
1995 Nissan NISMO GT-R LM,Nissan GT-R '95,,1995,Nissan,NISMO GT-R LM,Retro Sports Cars,Factory,658,B
1995 Nissan NISMO GT-R LM Forza Edition,GT-R LM FE,,1995,Nissan,NISMO GT-R LM Forza Edition,Extreme Track Toys,Upgraded,886,S1
1995 Nissan Skyline GT-R,,,1995,Nissan,Skyline GT-R,,Factory,,C2
1994 Nissan #75 Cunningham Racing 300ZX,#75 Nissan 300ZX,,1994,Nissan,#75 Cunningham Racing 300ZX,GT Racing Reborn,Race,832,R
1994 Nissan 300ZX Twin Turbo Version R,,,1994,Nissan,300ZX Twin Turbo Version R,,Factory,,C1
1993 Nissan MINE'S R32 Skyline GT-R,,,1993,Nissan,MINE'S R32 Skyline GT-R,Sports,Tuner,675,S
1985 Nissan Safari Turbo,Nissan Safari,,1985,Nissan,Safari Turbo,Pickups & 4x4s,Factory,230,D
1972 Nissan 240 ZX,,,1972,Nissan,240 ZX,,Factory,,D4
1969 Nissan Fairlady Z 432R,,,1969,Nissan,Fairlady Z 432R,,Factory,482,C
1966 Nissan Silvia,Silvia '66,,1966,Nissan,Silvia,Vintage Sport Compact,Factory,228,E
2010 Noble M600,Noble M600,,2010,Noble,M600,Modern Supercars,Factory,877,S1
2006 Noble M400,Noble M400,,2006,Noble,M400,Track Toys,Factory,829,S1
1966 Oldsmobile Toronado,Toronado '66,,1966,Oldsmobile,Toronado,Classic Muscle,Factory,403,D
2004 Opel Speedster Turbo,,,2004,Opel,Speedster Turbo,Superlight,Factory,443,B
2003 Opel #5 OPC TEAM PHOENIX Astra V8,,,2003,Opel,#5 OPC TEAM PHOENIX Astra V8,GTC,Race,829,R2
2003 Opel #6 OPC Team Phoenix Astra V8,,,2003,Opel,#6 OPC Team Phoenix Astra V8,,Livery,,GTS
1984 Opel Manta 400,Opel Manta 400,,1984,Opel,Manta 400,Rally Monsters,Factory,691,B
1968 Opel GT,Opel GT,,1968,Opel,GT,Vintage Sport Compact,Factory,234,E
1963 Opel Kadett A,Opel Kadett '63,,1963,Opel,Kadett A,Cult Cars,Factory,100,D
2016 Pagani Huayra BC Forza Edition,Pagani Huayra FE,,2016,Pagani,Huayra BC Forza Edition,Extreme Track Toys,Upgraded,998,S2
2012 Pagani Huayra Totino's Edition 1,Huayra Totinos,,2012,Pagani,Huayra Totino's Edition 1,Hypercar,Livery,801,R
2012 Pagani Huayra Totino's Edition 2,Pagani Totinos,,2012,Pagani,Huayra Totino's Edition 2,Hypercar,Livery,801,R
2010 Pagani Zonda R,Pagani Zonda R,,2010,Pagani,Zonda R,Extreme Track Toys,Race,959,S2
2010 Pagani Zonda R Forza Edition,Pagani Zonda FE,,2010,Pagani,Zonda R Forza Edition,Extreme Track Toys,Upgraded,986,S2
2009 Pagani Zonda Cinque Roadster 'Oreo Edition',p oreo,,2009,Pagani,Zonda Cinque Roadster 'Oreo Edition',Hypercars,Livery,900,S1
2003 Pagani #17 Carsport America Zonda GR,,,2003,Pagani,#17 Carsport America Zonda GR,GTS,Race,825,R2
1999 Pagani Zonda C12,,,1999,Pagani,Zonda C12,Super,Factory,626,S
2011 Panoz #050 Panoz Racing Abruzzi ,,,2011,Panoz,#050 Panoz Racing Abruzzi ,GT2,Race,759,R3
2006 Panoz #81 Team LNT Panoz Esperante GTLM,,,2006,Panoz,#81 Team LNT Panoz Esperante GTLM,GT2,Livery,776,R3
2005 Panoz #51 Panoz Esperante GTLM,,,2005,Panoz,#51 Panoz Esperante GTLM,GT2,Race,752,R3
2005 Panoz Esperante GTLM,,,2005,Panoz,Esperante GTLM,Sports,Factory,527,A
2003 Panoz #11 JML Team Panoz LMP-01,,,2003,Panoz,#11 JML Team Panoz LMP-01,P1 Racing,Race,967,R1
2002 Panoz #10 JML LMP01 EPP,,,2002,Panoz,#10 JML LMP01 EPP,,Race,,P1
2002 Panoz #50 Panoz MotorSports LMP-01,,,2002,Panoz,#50 Panoz MotorSports LMP-01,P1 Racing,Livery,933,R1
2001 Panoz Esperante GTL,,,2001,Panoz,Esperante GTL,,Factory,,A2
1965 Peel Trident,Peel Trident,,1965,Peel,Trident,Cult Cars,Factory,100,D
1962 Peel P50,Peel P50,,1962,Peel,P50,Cult Cars,Factory,100,D
2011 Penhall The Cholla,Penhall Cholla,,2011,Penhall,The Cholla,Unlimited Buggies,Factory,655,B
2011 Peugeot 107,,,2011,Peugeot,107,City,Factory,102,F
2011 Peugeot #10 Matmut-Oreca 908,#10 Peugeot 908,,2011,Peugeot,#10 Matmut-Oreca 908,Forza P1,Race,998,P
2010 Peugeot RCZ,,,2010,Peugeot,RCZ,Sports,Factory,370,C
2009 Peugeot #9 Peugeot Sport Total 908,#9 Peugeot 908,,2009,Peugeot,#9 Peugeot Sport Total 908,Forza P1,Race,998,P
2007 Peugeot #1 Peugeot 207 Super 2000,,,2007,Peugeot,#1 Peugeot 207 Super 2000,Hatch,Livery,537,A
2007 Peugeot #8 Peugeot Sport 908,,,2007,Peugeot,#8 Peugeot Sport 908,P1 Racing,Livery,997,R1
2007 Peugeot 207 RC,,,2007,Peugeot,207 RC,Hatch,Factory,332,D
2007 Peugeot 207 Super 2000,Peugeot 207 S,,2007,Peugeot,207 Super 2000,Rally Monsters,Race,755,A
2004 Peugeot 206 Gti 180,,,2004,Peugeot,206 Gti 180,,Factory,,D1
2004 Peugeot 206 RC,,,2004,Peugeot,206 RC,Hatch,Factory,316,C
1991 Peugeot 205 Rallye,Peugeot 205 R,,1991,Peugeot,205 Rallye,Retro Hot Hatch,Factory,462,D
1984 Peugeot 205 Turbo 16 Forza Edition,Peugeot 205 FE,,1984,Peugeot,205 Turbo 16 Forza Edition,Rally Monsters,Upgraded,703,A
2000 Plymouth Prowler,Plymouth Prowler,,2000,Plymouth,Prowler,Forza Specials,Factory,420,C
1971 Plymouth GTX F&F Edition,Plymouth GTX FF,,1971,Plymouth,GTX F&F Edition,Fast & Furious,Tuner,784,S
1970 Plymouth Cuda F&F Edition,,,1970,Plymouth,Cuda F&F Edition,[custom],Tuner,800,A
1970 Plymouth Hemi Cuda Convertible Barrett-Jackson Edition,Hemi 'Cuda BJ,,1970,Plymouth,Hemi Cuda Convertible Barrett-Jackson Edition,Classic Muscle,Factory,689,B
1970 Plymouth Road Runner F&F Edition,,,1970,Plymouth,Road Runner F&F Edition,[custom],Tuner,800,A
1968 Plymouth Barracuda Formula-S,Barracuda,,1968,Plymouth,Barracuda Formula-S,Classic Muscle,Factory,550,C
1959 Plymouth Atomic Punk Bubbletop,Atomic Punk '59,,1959,Plymouth,Atomic Punk Bubbletop,Rods and Customs,Tuner,717,A
1958 Plymouth Fury,Plymouth Fury,,1958,Plymouth,Fury,Rods and Customs,Factory,477,D
2021 Polaris RZR Pro XP Ultimate,Polaris RZR Pro,,2021,Polaris,RZR Pro XP Ultimate,UTV's,Race,593,C
2015 Polaris RZR XP 1000 EPS,RZR 1000,,2015,Polaris,RZR XP 1000 EPS,UTV's,Factory,501,C
2015 Polaris RZR XP 1000 EPS Horizon Edition,,,2015,Polaris,RZR XP 1000 EPS Horizon Edition,Offroad Buggies,Upgraded,524,C
2015 Polaris RZR XP 1000 EPS Rockstar Edition,,,2015,Polaris,RZR XP 1000 EPS Rockstar Edition,Offroad Buggies,Livery,520,C
2009 Pontiac G8 GXP,Pontiac G8 GXP,,2009,Pontiac,G8 GXP,Sport Touring Icons,Factory,482,C
2009 Pontiac Solstice GXP,Pontiac Solstice,,2009,Pontiac,Solstice GXP,Sport Coupe,Factory,429,C
2006 Pontiac GTO,,,2006,Pontiac,GTO,Sports,Factory,440,B
2006 Pontiac Solstice,,,2006,Pontiac,Solstice,Roadster,Factory,252,E
2005 Pontiac Aztek,Pontiac Aztek,,2005,Pontiac,Aztek,? none/Utility,Factory,,
2004 Pontiac GTO,,,2004,Pontiac,GTO,Coupe,Factory,340,D
1988 Pontiac Fiero GT,,,1988,Pontiac,Fiero GT,Sports,Factory,233,E
1987 Pontiac Firebird Trans Am GTA Forza Edition,Pontiac T/A FE,,1987,Pontiac,Firebird Trans Am GTA Forza Edition,Track Toys,Upgraded,900,S1
1977 Pontiac Firebird Trans Am,Pontiac T/A '77,,1977,Pontiac,Firebird Trans Am,Classic Muscle,Factory,418,D
1968 Pontiac Firebird,Firebird '68,,1968,Pontiac,Firebird,Classic Muscle,Factory,509,C
1968 Pontiac GTO Hardtop,,,1968,Pontiac,GTO Hardtop,Coupe,Factory,222,E
1965 Pontiac GTO,Pontiac GTO '65,,1965,Pontiac,GTO,Classic Muscle,Factory,484,D
2023 Porsche 911 Rallye,,,2023,Porsche,911 Rallye,Rally Monsters,Factory,,
2023 Porsche Taycan Cross Turismo Turbo S,,,2023,Porsche,Taycan Cross Turismo Turbo S,Super Saloons,Factory,,
2020 Porsche Taycan Turbo S 'Welcome Pack',Taycan S WP,,2020,Porsche,Taycan Turbo S 'Welcome Pack',Super Saloons,Upgraded,900,S1
2019 Porsche #4 Porsche Motorsport 718 Cayman GT4 Clubsport,#4 Cayman GT4 CS,,2019,Porsche,#4 Porsche Motorsport 718 Cayman GT4 Clubsport,Forza GT,Race,742,S
2019 Porsche 911 GT3 RS Forza Edition,911 GT3 RS FE,,2019,Porsche,911 GT3 RS Forza Edition,Rally Monsters,Upgraded,900,S1
2019 Porsche Macan Turbo,Macan Turbo '19,,2019,Porsche,Macan Turbo,Sports Utility Heroes,Factory,695,B
2018 Porsche 911 GT3 R,,,2018,Porsche,911 GT3 R,,Factory,,
2018 Porsche Cayenne Turbo,Porsche Cayenne,,2018,Porsche,Cayenne Turbo,Sports Utility Heroes,Factory,744,A
2018 Porsche Macan LPR Rally Raid,Porsche Macan RR,,2018,Porsche,Macan LPR Rally Raid,Offroad,Race,637,B
2016 Porsche 911 GT3 RS Preorder Car,911 GT3 RS PO,,2016,Porsche,911 GT3 RS Preorder Car,Track Toys,Upgraded,998,S2
2015 Porsche #19 Porsche Team 919 Hybrid,#19 Porsche 919,,2015,Porsche,#19 Porsche Team 919 Hybrid,Forza P1,Race,997,P
2015 Porsche Macan Turbo,Porsche Macan,,2015,Porsche,Macan Turbo,Sports Utility Heroes,Factory,708,A
2012 Porsche 911 GT3 RS 4.0,911 GT3 RS4 '12,,2012,Porsche,911 GT3 RS 4.0,Track Toys,Factory,825,S1
2012 Porsche Cayenne Turbo,Porsche Cayenne,,2012,Porsche,Cayenne Turbo,Sports Utility Heroes,Factory,740,A
2012 Porsche Cayman R,,,2012,Porsche,Cayman R,Sports,Factory,520,A
2011 Porsche #17 Team Falken 911 GT3-RSR,,,2011,Porsche,#17 Team Falken 911 GT3-RSR,GT2,Livery,760,R3
2011 Porsche #23 Alex Job Racing 911 GT3 Cup,,,2011,Porsche,#23 Alex Job Racing 911 GT3 Cup,GT3,Race,733,R3
2011 Porsche #45 Flying Lizard 911 GT3-RSR,#45 Porsche GT3,,2011,Porsche,#45 Flying Lizard 911 GT3-RSR,Forza GT,Race,814,R
2011 Porsche #54 Black Swan Racing 911 GT3 Cup,,,2011,Porsche,#54 Black Swan Racing 911 GT3 Cup,GT3,Livery,733,R3
2010 Porsche 911 Sport Classic,Porsche 911 SC,,2010,Porsche,911 Sport Classic,Modern Supercars,Factory,756,A
2010 Porsche Boxster S,,,2010,Porsche,Boxster S,Roadster,Factory,506,A
2010 Porsche Panamera Turbo,,,2010,Porsche,Panamera Turbo,Sedan,Factory,560,A
2009 Porsche Cayenne Turbo S,,,2009,Porsche,Cayenne Turbo S,SUV,Factory,401,C
2008 Porsche #16 Dyson Racing RS Spyder Evo,,,2008,Porsche,#16 Dyson Racing RS Spyder Evo,P2,Livery,953,R1
2008 Porsche #2 Gruppe Orange Racing 911 GT3 Cup,,,2008,Porsche,#2 Gruppe Orange Racing 911 GT3 Cup,GT3,Race,725,R3
2008 Porsche #45 Flying Lizard 911 GT3-RSR,,,2008,Porsche,#45 Flying Lizard 911 GT3-RSR,GT2,Livery,742,R3
2008 Porsche #7 Penske Racing RS Spyder Evo,Porsche RS,,2008,Porsche,#7 Penske Racing RS Spyder Evo,Forza P2,Race,964,P
2008 Porsche 911 GT2 (997),,,2008,Porsche,911 GT2 (997),Coupe,Factory,590,A
2007 Porsche #80 Flying Lizard 911 GT3-RSR,,,2007,Porsche,#80 Flying Lizard 911 GT3-RSR,GT2,Race,756,R3
2007 Porsche 911 GT3 RS (997),,,2007,Porsche,911 GT3 RS (997),Super,Factory,592,A
2007 Porsche 911 Turbo (997),,,2007,Porsche,911 Turbo (997),Super,Factory,639,S
2006 Porsche #81 Synergy Racing 911 GT3 Cup,,,2006,Porsche,#81 Synergy Racing 911 GT3 Cup,,Livery,,R4
2006 Porsche #82 Red Bull 911 GT3 Cup,,,2006,Porsche,#82 Red Bull 911 GT3 Cup,GT3,Livery,666,S
2006 Porsche Cayman S,,,2006,Porsche,Cayman S,Coupe,Factory,453,B
2005 Porsche #3 Lechner Racing School 1 911 GT3 Cup,,,2005,Porsche,#3 Lechner Racing School 1 911 GT3 Cup,GT3,Livery,656,S
2005 Porsche #31 Petersen-White Lightning 911 GT3-RSR (996),,,2005,Porsche,#31 Petersen-White Lightning 911 GT3-RSR (996),GT2,Race,744,R3
2005 Porsche #44 Flying Lizard 911 GT3-RSR,,,2005,Porsche,#44 Flying Lizard 911 GT3-RSR,,Race,,R3
2005 Porsche #5 XBOX 360 911 GT3-RSR,,,2005,Porsche,#5 XBOX 360 911 GT3-RSR,GT2,Livery,715,R3
2005 Porsche #55 Applied Materials 911 GT3 Cup,,,2005,Porsche,#55 Applied Materials 911 GT3 Cup,GT3,Livery,647,S
2005 Porsche #66 AXA Racing 911 GT3 Cup (996),,,2005,Porsche,#66 AXA Racing 911 GT3 Cup (996),GT3,Race,702,R3
2004 Porsche #23 Alex Job Racing 911 GT3-RSR,,,2004,Porsche,#23 Alex Job Racing 911 GT3-RSR,,Race,,R3
2003 Porsche #22 3R-Racing 911 GT3 Cup,,,2003,Porsche,#22 3R-Racing 911 GT3 Cup,,Livery,,R4
2003 Porsche Boxster S,,,2003,Porsche,Boxster S,Roadster,Factory,392,C
2002 Porsche #57 Larbre McDonalds 996 GT3 Cup,,,2002,Porsche,#57 Larbre McDonalds 996 GT3 Cup,,Livery,,R4
2000 Porsche #23 IMSA 911 GT3-RS,,,2000,Porsche,#23 IMSA 911 GT3-RS,,Race,,GTS
1998 Porsche #26 Porsche AG 911 GT1-98,#26 Porsche GT1,,1998,Porsche,#26 Porsche AG 911 GT1-98,Modern GT Racing,Race,,
1998 Porsche #5 Zakspeed Racing 911 GT1-98,,,1998,Porsche,#5 Zakspeed Racing 911 GT1-98,GTS,Livery,850,R2
1995 Porsche 911 Carrera 2 by Gunther Werks,Porsche 911C2 GW,,1995,Porsche,911 Carrera 2 by Gunther Werks,Modern Sports Cars,Tuner,804,S1
1990 Porsche 911 Reimagined by Singer - DLS,Porsche 911 '90,,1990,Porsche,911 Reimagined by Singer - DLS,Modern Supercars,Tuner,830,S1
1989 Porsche #65 Rothsport Racing 911 'Desert Flyer',#65 911 Desert,,1989,Porsche,#65 Rothsport Racing 911 'Desert Flyer',Rally Monsters,Race,694,B
1988 Porsche #17 Porsche Dunlop 962c,#17 Dunlop 962C,,1988,Porsche,#17 Porsche Dunlop 962c,Early Prototype Racers,Livery,982,P
1985 Porsche #185 959 Prodrive Rally Raid,#185 Porsche 959,,1985,Porsche,#185 959 Prodrive Rally Raid,Rally Monsters,Race,742,A
1973 Porsche #6 Penske Sunoco 917/30 Can-Am Spyder,Porsche 917/30,,1973,Porsche,#6 Penske Sunoco 917/30 Can-Am Spyder,Forza Specials,Race,920,P
1966 Porsche 906 Carrera 6,Porsche 906 '66,,1966,Porsche,906 Carrera 6,Classic Racers,Factory,748,A
1964 Porsche 356 C Cabriolet Emory Special,Emory 356 C '64,,1964,Porsche,356 C Cabriolet Emory Special,Classic Sports Cars,Tuner,651,B
1964 Porsche 904 Carrera GTS,Porsche 904 GTS,,1964,Porsche,904 Carrera GTS,Vintage GT Racing,Factory,527,B
1962 Porsche 804,Porsche 804 '62,,1962,Porsche,804,Forza Specials,Race,667,A
1960 Porsche 356 RSR from Emory Motorsport,Porsche 356 RSR,,1960,Porsche,356 RSR from Emory Motorsport,Extreme Track Toys,Tuner,845,S1
"1960 Porsche 718 RS 60 ""Welcome Pack""",Porsche 718 WP,,1960,Porsche,"718 RS 60 ""Welcome Pack""",Classic Racers,Upgraded,800,A
1959 Porsche 356 A 1600 Super,Porsche 356 '59,,1959,Porsche,356 A 1600 Super,Rare Classics,Factory,241,D
1951 Porsche #46 356 SL Gmund Coupe,Porsche 356 SL,,1951,Porsche,#46 356 SL Gmund Coupe,Classic Racers,Race,199,D
2006 Proto Motors Spirra,,,2006,Proto Motors,Spirra,,Factory,658,B
2058 Quadra Turbo-R V-Tech,Quadra V-Tech,,2058,Quadra,Turbo-R V-Tech,Modern Super Cars,Fantasy,890,S1
723 Quartz Regalia,Quartz Regalia,,723,Quartz,Regalia,GT Cars,Fantasy,675,B
723 Quartz Regalia Type-D,Quartz Regalia D,,723,Quartz,Regalia Type-D,Extreme Offroad,Fantasy,597,C
2011 Radical SR8 RX,Radical SR8,,2011,Radical,SR8 RX,Radical SR8 Spec,Factory,890,R
2017 Ram 2500 Power Wagon,Ram Power Wagon,,2017,Ram,2500 Power Wagon,Pickups & 4x4s,Factory,467,D
2017 Ram Rebel TRX Concept,Ram Rebel TRX,,2017,Ram,Rebel TRX Concept,Offroad,Factory,716,A
2013 Ram Ram Runner,Ram Runner,,2013,Ram,Ram Runner,Modern Offroaders,Factory,288,E
2013 Ram Ram Runner Forza Edition,Ram Runner FE,,2013,Ram,Ram Runner Forza Edition,Modern Offroaders,Upgraded,400,C
2013 Ram Ram Runner Horizon Edition,,,2013,Ram,Ram Runner Horizon Edition,Offroad,Upgraded,720,A
1972 Reliant Supervan III,Reliant Supervan,,1972,Reliant,Supervan III,Cult Cars,Factory,100,D
2017 Renault R.S.17,Renault R.S. 17,,2017,Renault,R.S.17,Forza GP,Race,999,X
2014 Renault Spark SRT_01E,,,2014,Renault,Spark SRT_01E,-,Race,692,A
2013 Renault Clio R.S. 200 EDC,Renault Clio '13,,2013,Renault,Clio R.S. 200 EDC,Hot Hatch,Factory,595,C
2010 Renault Clio R.S.,Renault Clio '10,,2010,Renault,Clio R.S.,Hot Hatch,Factory,592,C
2010 Renault Clio R.S. Forza Edition,Renault Clio FE,,2010,Renault,Clio R.S. Forza Edition,Track Toys,Upgraded,701,A
2010 Renault Megane R.S. 250,Megane RS 250,,2010,Renault,Megane R.S. 250,Super Hot Hatch,Factory,657,B
2009 Renault Twingo Renault Sport Cup,,,2009,Renault,Twingo Renault Sport Cup,Economy,Factory,284,D
2007 Renault Clio RS 197,Renault Clio,,2007,Renault,Clio RS 197,Hot Hatch,Factory,592,C
1980 Renault 5 Turbo Forza Edition,5 Turbo FE,,1980,Renault,5 Turbo Forza Edition,Rally Monsters,Upgraded,675,B
1968 Renault 4L Export,Renault 4L '68,,1968,Renault,4L Export,Cult Cars,Factory,100,D
2016 RJ Anderson #37 Polaris RZR-Rockstar Energy Pro 2 Truck,#37 Pro 2 Truck,,2016,RJ Anderson,#37 Polaris RZR-Rockstar Energy Pro 2 Truck,Unlimited Offroad,Race,776,A
2013 Robby Gordon #7 Speed Energy Drink Stadium Super Truck,,,2013,Robby Gordon,#7 Speed Energy Drink Stadium Super Truck,Extreme Offroad,Race,852,S1
2016 Rolls-Royce Dawn,R-R Dawn,,2016,Rolls-Royce,Dawn,Sport Luxury,Factory,468,C
2014 Rolls-Royce Wraith,R-R Wraith,,2014,Rolls-Royce,Wraith,Sport Luxury,Factory,529,B
2010 Rossion Q1,Rossion Q1,,2010,Rossion,Q1,Modern Super Cars,Factory,855,S1
1984 Rover SD1 Vitesse,Rover SD1,,1984,Rover,SD1 Vitesse,Retro Saloons,Factory,498,D
2011 RUF RGT-8,,,2011,RUF,RGT-8,Super,Factory,636,S
2011 RUF Rt 12 R,,,2011,RUF,Rt 12 R,Super,Factory,757,R3
2011 RUF Rt 12 S,,,2011,RUF,Rt 12 S,Modern GT,Factory,887,S1
1995 RUF CTR2,,,1995,RUF,CTR2,Middle GT,Factory,840,S1
1987 RUF CTR Yellowbird,,,1987,RUF,CTR Yellowbird,Timeless Supercars,Factory,857,S1
2008 Saab 9-3 Turbo X,,,2008,Saab,9-3 Turbo X,Sedan,Factory,366,C
2002 Saab 9-3 Aero,,,2002,Saab,9-3 Aero,Sports,Factory,321,D
2002 Saab 9-3 Viggen,,,2002,Saab,9-3 Viggen,,Factory,,D1
1978 Saab 99 Turbo,,,1978,Saab,99 Turbo,Sports,Factory,192,F
2010 Saleen S5S Raptor,Saleen S5S,,2010,Saleen,S5S Raptor,Modern Super Cars,Factory,873,S1
2008 Saleen S331 Supercab,,,2008,Saleen,S331 Supercab,SUV,Factory,304,D
2006 Saleen S281 E,,,2006,Saleen,S281 E,Sports,Factory,513,A
2003 Saleen #2 Konrad Motorsport S7R,,,2003,Saleen,#2 Konrad Motorsport S7R,GTS,Race,836,R2
2002 Saleen #11 Graham Nash Motorsport S7R,,,2002,Saleen,#11 Graham Nash Motorsport S7R,GT1,Livery,843,R2
2001 Saleen #26 Konrad Motorsports S7R,,,2001,Saleen,#26 Konrad Motorsports S7R,GT1,Livery,842,R2
2000 Saleen #2 IMSA S7R,,,2000,Saleen,#2 IMSA S7R,,Race,,GTS
2000 Saleen S281,,,2000,Saleen,S281,Sports,Factory,447,B
2007 Saturn Sky Red Line,,,2007,Saturn,Sky Red Line,Roadster,Factory,409,C
2006 Saturn ION Red Line,,,2006,Saturn,ION Red Line,Sports,Factory,392,C
1993 Schuppan 962CR,Schuppan 962CR,,1993,Schuppan,962CR,Retro Supercars,Factory,869,S1
2013 Scion FR-S,,,2013,Scion,FR-S,Sports,Factory,394,C
2012 Scion tC,Scion tC '12,,2012,Scion,tC,Compact Sport Coupe (ex. Multiplayer),Factory,,
2009 Scion xD,,,2009,Scion,xD,Economy,Factory,223,E
2005 Scion tC,,,2005,Scion,tC,Sports,Factory,271,E
2010 SEAT Leon CUPRA R,,,2010,SEAT,Leon CUPRA R,Hatch,Factory,439,B
2009 SEAT Ibiza CUPRA,,,2009,SEAT,Ibiza CUPRA,Hatch,Factory,342,D
2007 SEAT Cupra GT Prototype,,,2007,SEAT,Cupra GT Prototype,,Factory,975,S
2007 SEAT Leon CUPRA,,,2007,SEAT,Leon CUPRA,Hatch,Factory,421,C
2007 SEAT Leon Supercup,,,2007,SEAT,Leon Supercup,Hatch,Race,536,A
2003 SEAT Leon Cupra R,,,2003,SEAT,Leon Cupra R,Hatch,Factory,401,C
2012 Shelby 1000,Shelby 1000,,2012,Shelby,1000,Modern Muscle,Factory,782,A
1999 Shelby Series 1,,,1999,Shelby,Series 1,Roadster,Factory,501,A
1969 Shelby GT500 428CJ,,,1969,Shelby,GT500 428CJ,Sports,Factory,324,D
1968 Shelby GT-500KR,,,1968,Shelby,GT-500KR,Sports,Factory,320,D
2021 Sierra Cars 700R,SIERRA 700R,,2021,Sierra Cars,700R,UTV's,Race,737,A
2021 Sierra Cars RX3,SIERRA RX3,,2021,Sierra Cars,RX3,UTV's,Race,737,A
2020 Sierra Cars #23 Yokohama ALPHA,#23 SIERRA ALPHA,,2020,Sierra Cars,#23 Yokohama ALPHA,Extreme Track Toys,Race,986,S2
2010 Smart fortwo,,,2010,Smart,fortwo,City,Factory,101,F
2010 Spada Codatronca TS,,,2010,Spada,Codatronca TS,Sports,Factory,654,S
2016 Spania GTA GTA Spano Duracell Edition,,,2016,Spania GTA,GTA Spano Duracell Edition,Modern Super Cars,Livery,927,S2
2012 Spyker Aileron,,,2012,Spyker,Aileron,Super,Factory,541,A
2010 Spyker C8 Laviolette LM85,,,2010,Spyker,C8 Laviolette LM85,Super,Factory,552,A
2013 SRT #91 SRT Motorsport GTS-R,#91 Dodge Viper,,2013,SRT,#91 SRT Motorsport GTS-R,Forza GT,Race,825,R
2013 SRT Team Forza Viper GTS,Viper GTS TF,,2013,SRT,Team Forza Viper GTS,Sport GT,Upgraded,,
2010 SSC Ultimate Aero,,,2010,SSC,Ultimate Aero,Super,Factory,846,R2
2022 SUBARU WRX,,,2022,SUBARU,WRX,Modern Rally,Factory,,
2016 Subaru #199 WRX STI VT15R Rally Car,#199 Subaru WRX,,2016,Subaru,#199 WRX STI VT15R Rally Car,Rally Monsters,Race,762,A
"2016 Subaru #199 WRX STI VT15R Rally Car ""Welcome Pack""",#199 WRX WP,,2016,Subaru,"#199 WRX STI VT15R Rally Car ""Welcome Pack""",Rally Monsters,Upgraded,800,A
2016 Subaru #75 WRX STI VT15R Rally Car,#75 Subaru WRX,,2016,Subaru,#75 WRX STI VT15R Rally Car,Forza Group Rally,Livery,668,A
2016 Subaru WRX STI F&F Edition,Subaru WRX FF,,2016,Subaru,WRX STI F&F Edition,Fast & Furious,Tuner,699,A
2015 Subaru Team Forza WRX STI,,,2015,Subaru,Team Forza WRX STI,BOTH Rally Day Heroes and Ultimate SpoCom,Livery,,
2013 Subaru BRZ F&F Edition,Subaru BRZ FF,,2013,Subaru,BRZ F&F Edition,Fast & Furious,Tuner,682,A
2013 Subaru BRZ Forza Edition,Suburu BRZ FE,,2013,Subaru,BRZ Forza Edition,Sport Compact,Upgraded,519,B
2013 Subaru BRZ Horizon Edition,,,2013,Subaru,BRZ Horizon Edition,Asian Sports Cars,Upgraded,713,A
2010 Subaru Legacy B4 2.5 GT,,,2010,Subaru,Legacy B4 2.5 GT,Sedan,Factory,462,B
2006 Subaru Impreza S204,,,2006,Subaru,Impreza S204,Sedan,Factory,508,A
2005 Subaru Legacy B4 2.0 GT,Subaru Legacy,,2005,Subaru,Legacy B4 2.0 GT,Sport Compact Icons,Factory,461,C
2005 Subaru Legacy Traffic,,,2005,Subaru,Legacy Traffic,,Traffic,,
2004 Subaru Impreza WRX STi Spec-C,,,2004,Subaru,Impreza WRX STi Spec-C,,Factory,,A4
2003 Subaru #77 Cusco Subaru Advan Impreza,,,2003,Subaru,#77 Cusco Subaru Advan Impreza,SGT300,Race,737,R3
1999 Subaru Impreza 2.5RS Coupe,,,1999,Subaru,Impreza 2.5RS Coupe,,Factory,,D4
1998 Subaru Impreza 22B STi Forza Edition,,,1998,Subaru,Impreza 22B STi Forza Edition,Showroom Rally,Upgraded,522,B
1998 Subaru Impreza 22B STI Horizon Edition,,,1998,Subaru,Impreza 22B STI Horizon Edition,Retro Rally,Upgraded,760,A
1998 Subaru Tommy Kaira Impreza M20b,,,1998,Subaru,Tommy Kaira Impreza M20b,,Tuner,642,B
1996 Subaru SVX,Subaru SVX,,1996,Subaru,SVX,Sport Compact Icons,Factory,357,D
1980 Subaru BRAT GL Forza Edition,Subaru BRAT FE,,1980,Subaru,BRAT GL Forza Edition,Sport Compact Icons,Upgraded,500,C
1980 Subaru BRAT GL Horizon Edition,,,1980,Subaru,BRAT GL Horizon Edition,Vans & Utility,Upgraded,522,C
1968 Subaru 360,,,1968,Subaru,360,Major Micros,Factory,100,E
1967 Sunbeam Tiger,Sunbeam Tiger,,1967,Sunbeam,Tiger,Classic Sports Cars,Factory,500,D
2011 Suzuki #1 Monster Sport SX4 Hill Climb Special,,,2011,Suzuki,#1 Monster Sport SX4 Hill Climb Special,Super,Race,878,R1
2011 Suzuki SX4 Sportback,,,2011,Suzuki,SX4 Sportback,Hatch,Factory,209,E
2002 Suzuki Liana GLX,,,2002,Suzuki,Liana GLX,Economy,Factory,136,F
1979 Talbot Sunbeam Lotus,Talbot Sunbeam,,1979,Talbot,Sunbeam Lotus,Classic Rally,Factory,469,D
2017 TAMO Racemo,TAMO Racemo,,2017,TAMO,Racemo,Modern Sports Cars,Factory,577,C
2014 Terradyne Gurkha LAPV,Terradyne Gurkha,,2014,Terradyne,Gurkha LAPV,Offroad,Factory,223,D
2015 Tesla Model S P85D,Tesla Model S,,2015,Tesla,Model S P85D,Executive Heavyweights,Factory,,
2015 Tesla Model S P90D with Ludicrous Mode,Tesla Model S,,2015,Tesla,Model S P90D with Ludicrous Mode,Super Saloons,Factory,794,A
2014 Tesla Model S,,,2014,Tesla,Model S,Super Saloons,Factory,746,A
2011 Tesla Roadster Sport,,,2011,Tesla,Roadster Sport,Roadster,Factory,505,A
2018 Top Gear Track-Tor,TG Track-tor,,2018,Top Gear,Track-Tor,Extreme Offroad,Tuner,577,C
2017 Toyota #18 Joe Gibbs Racing M&M’s Camry,#18 Toyota M&Ms,,2017,Toyota,#18 Joe Gibbs Racing M&M’s Camry,NASCAR,Race,833,R
2017 Toyota #18 Joe Gibbs Racing Skittles Camry,#18 Toyota Camry,,2017,Toyota,#18 Joe Gibbs Racing Skittles Camry,NASCAR,Livery,833,R
2017 Toyota #18 Joe Gibbs Racing Snickers Camry,#18 Toyota Gibbs,,2017,Toyota,#18 Joe Gibbs Racing Snickers Camry,NASCAR,Livery,833,R
2016 Toyota #11 Joe Gibbs Racing FedEx Express Camry,#11 FedEx Camry,,2016,Toyota,#11 Joe Gibbs Racing FedEx Express Camry,NASCAR,Livery,,
2016 Toyota #18 Joe Gibbs Racing Interstate Batteries Camry,#18 Gibbs Camry,,2016,Toyota,#18 Joe Gibbs Racing Interstate Batteries Camry,NASCAR,Livery,,
2016 Toyota #19 Joe Gibbs Racing ARRIS Camry,#19 ARRIS Camry,,2016,Toyota,#19 Joe Gibbs Racing ARRIS Camry,NASCAR,Livery,,
2016 Toyota #19 Joe Gibbs Racing STANLEY Camry,#19 Gibbs Camry,,2016,Toyota,#19 Joe Gibbs Racing STANLEY Camry,NASCAR,Livery,,
2016 Toyota #19 Joe Gibbs Racing Subway Camry,#19 Subway Camry,,2016,Toyota,#19 Joe Gibbs Racing Subway Camry,NASCAR,Livery,,
2016 Toyota #20 Joe Gibbs Racing DEWALT Camry,#20 DEWALT Camry,,2016,Toyota,#20 Joe Gibbs Racing DEWALT Camry,NASCAR,Livery,,
2016 Toyota #20 Joe Gibbs Racing Dollar General Camry,#20 Dollar Camry,,2016,Toyota,#20 Joe Gibbs Racing Dollar General Camry,NASCAR,Livery,,
2014 Toyota #11 Handy Motorsport Avensis,#11 Avensis,,2014,Toyota,#11 Handy Motorsport Avensis,Global Touring Cars,Race,,
2014 Toyota #12 Rebellion Racing R-One,#12 R-One,,2014,Toyota,#12 Rebellion Racing R-One,Endurance Prototypes,Race,,
2014 Toyota #20 United Autosports Avensis,#20 Avensis,,2014,Toyota,#20 United Autosports Avensis,Global Touring Cars,Livery,,
2014 Toyota #80 Speedworks Motorsport Avensis,#80 Avensis,,2014,Toyota,#80 Speedworks Motorsport Avensis,Global Touring Cars,Livery,,
2012 Toyota FJ Cruiser,,,2012,Toyota,FJ Cruiser,SUV,Factory,217,D
2011 Toyota Aygo,,,2011,Toyota,Aygo,City,Factory,100,F
2011 Toyota Prius,,,2011,Toyota,Prius,Economy,Factory,197,F
2008 Toyota Yaris S,,,2008,Toyota,Yaris S,,Factory,,
2006 Toyota #25 Eclipse Advan Supra,,,2006,Toyota,#25 Eclipse Advan Supra,SGT500,Livery,817,R2
2005 Toyota #36 Open Interface Tom's Supra,,,2005,Toyota,#36 Open Interface Tom's Supra,SGT500,Livery,817,R2
2005 Toyota #6 EXXON Superflo Supra,,,2005,Toyota,#6 EXXON Superflo Supra,SGT500,Race,855,R2
2004 Toyota #35 YellowHat YMS Supra,,,2004,Toyota,#35 YellowHat YMS Supra,SGT500,Livery,818,R2
2004 Toyota Altezza RS200,,,2004,Toyota,Altezza RS200,Sedan,Factory,349,D
2004 Toyota Camry Solara,,,2004,Toyota,Camry Solara,,Factory,,D4
2003 Toyota #1 Ultraflo Supra,,,2003,Toyota,#1 Ultraflo Supra,,Race,,GTS
2003 Toyota #36 Woodone TOM'S Supra,,,2003,Toyota,#36 Woodone TOM'S Supra,,Race,,GTS
2003 Toyota APR Performance Celica GTS,,,2003,Toyota,APR Performance Celica GTS,,Tuner,525,C
2003 Toyota Celica 1800 VVT-i,,,2003,Toyota,Celica 1800 VVT-i,,Factory,,D3
2003 Toyota Celica GT-S,,,2003,Toyota,Celica GT-S,,Factory,,D1
2002 Toyota MR-S,,,2002,Toyota,MR-S,Sports,Factory,293,D
2002 Toyota MR2 Spyder,,,2002,Toyota,MR2 Spyder,,Factory,,D3
2002 Toyota Soarer 430SCV,,,2002,Toyota,Soarer 430SCV,Sports,Factory,375,C
2002 Toyota TOM's T020 MR2,,,2002,Toyota,TOM's T020 MR2,,Tuner,541,D
2002 Toyota TOM's W123 MR-S,,,2002,Toyota,TOM's W123 MR-S,Coupe,Tuner,340,D
2002 Toyota TOM's Z382 Soarer,,,2002,Toyota,TOM's Z382 Soarer,,Tuner,582,B
1998 Toyota AB Flug S900 Supra Turbo,,,1998,Toyota,AB Flug S900 Supra Turbo,,Tuner,899,S
1998 Toyota Supra F&F Edition,,,1998,Toyota,Supra F&F Edition,,Tuner,900,S1
1998 Toyota Supra RZ Horizon Edition,,,1998,Toyota,Supra RZ Horizon Edition,Asian Sports Cars,Upgraded,779,A
1998 Toyota Top Secret 0-300 Supra,,,1998,Toyota,Top Secret 0-300 Supra,Super,Tuner,700,S
1998 Toyota VeilSide Supra Fortune 03,,,1998,Toyota,VeilSide Supra Fortune 03,,Tuner,901,S
1998 Toyota VeilSide Supra Fortune 99,,,1998,Toyota,VeilSide Supra Fortune 99,,Tuner,916,S
1997 Toyota Soarer 2.5 GT-T,,,1997,Toyota,Soarer 2.5 GT-T,Retro Sports Cars,Factory,,
1995 Toyota Border MR2 Turbo T-bar,,,1995,Toyota,Border MR2 Turbo T-bar,,Tuner,497,C
1995 Toyota MR2 Turbo T-bar,,,1995,Toyota,MR2 Turbo T-bar,,Tuner,,C4
1995 Toyota Supra RZ F&F Edition,1995 Supra FF,,1995,Toyota,Supra RZ F&F Edition,? none/Modern Sport,Tuner,,
1995 Toyota TOM's T020 MR2,,,1995,Toyota,TOM's T020 MR2,Coupe,Tuner,356,C
1995 Toyota VIS Racing MR2 Turbo T-bar,,,1995,Toyota,VIS Racing MR2 Turbo T-bar,,Tuner,510,C
"1993 Toyota #1 T100 Baja Truck ""Welcome Pack""",# Toyota T100WP,,1993,Toyota,"#1 T100 Baja Truck ""Welcome Pack""",Extreme Offroad,Upgraded,800,A
1992 Toyota Do-Luck Supra,,,1992,Toyota,Do-Luck Supra,,Tuner,644,B
1991 Toyota Chaser GT Twin Turbo,,,1991,Toyota,Chaser GT Twin Turbo,Retro Saloons,Factory,,
1991 Toyota Sera,,,1991,Toyota,Sera,,Factory,,
1984 Toyota Celica Supra,,,1984,Toyota,Celica Supra,Sports,Factory,251,E
1979 Triumph TR7 Roadster,Triumph TR7 '79,,1979,Triumph,TR7 Roadster,Classic Sports Cars,Factory,245,D
1970 Triumph TR6 PI,Triumph TR6,,1970,Triumph,TR6 PI,Classic Sports Cars,Factory,419,D
1962 Triumph Spitfire,Spitfire '62,,1962,Triumph,Spitfire,Classic Sports Cars,Factory,203,D
1962 Triumph TR3B,Triumph TR3B,,1962,Triumph,TR3B,Classic Sports Cars,Factory,243,D
2005 TVR Sagaris Forza Edition,TVR Sagaris FE,,2005,TVR,Sagaris Forza Edition,Retro Sports Cars,Upgraded,902,S2
2001 TVR Tuscan R,,,2001,TVR,Tuscan R,,Factory,834,A
2001 TVR Tuscan S,TVR Tuscan,,2001,TVR,Tuscan S,Retro Super Cars,Factory,747,A
2012 Ultima GTR,,,2012,Ultima,GTR,Super,Factory,786,R3
2012 Ultima GTR 720,Ultima GTR 720,,2012,Ultima,GTR 720,Extreme Track Toys,Factory,964,S2
1992 Universal Studios Jeep Wrangler Sahara 'Jurassic Park',,,1992,Universal Studios,Jeep Wrangler Sahara 'Jurassic Park',Pickups & 4x4s,Tuner,,
1982 Universal Studios K.I.T.T.,,,1982,Universal Studios,K.I.T.T.,Retro Muscle,Tuner,,
1981 Universal Studios Back to the Future Time Machine 1,,,1981,Universal Studios,Back to the Future Time Machine 1,Cult Cars,Tuner,,
1981 Universal Studios Back to the Future Time Machine 2,,,1981,Universal Studios,Back to the Future Time Machine 2,Cult Cars,Tuner,,
1981 Universal Studios Back to the Future Time Machine 3,,,1981,Universal Studios,Back to the Future Time Machine 3,Cult Cars,Tuner,,
2013 Vauxhall Astra 1.6 Tech Line Top Gear Edition,Astra 1.6 '13,,2013,Vauxhall,Astra 1.6 Tech Line Top Gear Edition,Hot Hatchbacks,Factory,,
2011 Vauxhall Agila,,,2011,Vauxhall,Agila,City,Factory,121,F
2010 Vauxhall Insignia VXR,Insignia VXR,,2010,Vauxhall,Insignia VXR,Super Saloons,Factory,676,B
2009 Vauxhall Corsa VXR,VauxCorsa '09,,2009,Vauxhall,Corsa VXR,Hot Hatch,Factory,600,C
2004 Vauxhall VX220 Turbo,Vauxhall VX220,,2004,Vauxhall,VX220 Turbo,Modern Sports Cars,Factory,717,A
2013 Viper #93 SRT Motorsport GTS-R (Pennzoil),,,2013,Viper,#93 SRT Motorsport GTS-R (Pennzoil),GT2,Livery,751,R3
2013 Viper GTS (Ltd. Ed.),,,2013,Viper,GTS (Ltd. Ed.),Modern GT,Upgraded,,
2010 Viper SRT10 ACR-X,,,2010,Viper,SRT10 ACR-X,Super,Factory,800,R3
2021 Volkswagen ID.4,,,2021,Volkswagen,ID.4,Hot Hatch,Factory,,
2018 Volkswagen #94 Volkswagen Motorsport I.D R Pikes Peak,#94 VW I.D. R.,,2018,Volkswagen,#94 Volkswagen Motorsport I.D R Pikes Peak,Extreme Track Toys,Race,998,S2
2014 Volkswagen Global Rallycross Beetle,VW GRC Beetle,,2014,Volkswagen,Global Rallycross Beetle,Rally Monsters,Race,846,S1
2012 Volkswagen Santana,,,2012,Volkswagen,Santana,Retro Saloons,Factory,,
2011 Volkswagen Fox,,,2011,Volkswagen,Fox,City,Factory,101,F
2011 Volkswagen Polo GTI,,,2011,Volkswagen,Polo GTI,Hatch,Factory,359,C
2011 Volkswagen Scirocco R LCE Livery,,,2011,Volkswagen,Scirocco R LCE Livery,Hatch,Livery,440,B
2010 Volkswagen Golf GTI Mk6,,,2010,Volkswagen,Golf GTI Mk6,Hatch,Factory,387,C
2009 Volkswagen Scirocco GT,,,2009,Volkswagen,Scirocco GT,Hatch,Factory,382,C
2008 Volkswagen Touareg R50,VW Touareg,,2008,Volkswagen,Touareg R50,Sports Utility Heroes,Factory,631,B
2006 Volkswagen Golf GTi,,,2006,Volkswagen,Golf GTi,Hatch,Factory,379,C
2004 Volkswagen Beetle,,,2004,Volkswagen,Beetle,Sports,Factory,250,E
2003 Volkswagen Bora VR6,,,2003,Volkswagen,Bora VR6,Sedan,Factory,327,D
2003 Volkswagen Jetta GLX VR6,,,2003,Volkswagen,Jetta GLX VR6,,Factory,,D4
1984 Volkswagen Rabbit GTI,VW Golf '84,,1984,Volkswagen,Rabbit GTI,Hot Hatch Genesis,Factory,239,E
1976 Volkswagen SP-2,,,1976,Volkswagen,SP-2,Classic Sports Cars,Factory,,
1973 Volkswagen Thing,,,1973,Volkswagen,Thing,Cult Cars,Factory,,
1967 Volkswagen Beetle,,,1967,Volkswagen,Beetle,Economy,Factory,137,E
1967 Volkswagen Karmann Ghia,VW Ghia,,1967,Volkswagen,Karmann Ghia,Cult Cars,Factory,100,D
1967 Volkswagen Type 3 1600 L (Notchback),VW Notchback,,1967,Volkswagen,Type 3 1600 L (Notchback),Cult Cars,Factory,,D
1966 Volkswagen Double Cab Pick-Up,VW DOKA '66,,1966,Volkswagen,Double Cab Pick-Up,Vans & Utility,Factory,100,D
1963 Volkswagen Beetle Forza Edition,Beetle '63 FE,,1963,Volkswagen,Beetle Forza Edition,Track Toys,Upgraded,900,S1
1963 Volkswagen Type 2 De Luxe Forza Edition,VW Type 2 FE,,1963,Volkswagen,Type 2 De Luxe Forza Edition,Cult Cars,Upgraded,100,D
2017 Volvo XC90 R-Design,Volvo XC90,,2017,Volvo,XC90 R-Design,Modern SUV,Factory,392,D
2016 Volvo Iron Knight,Iron Knight,,2016,Volvo,Iron Knight,Trucks,Race,797,A
2015 Volvo #33 Wilson Security Racing GRM S60,#33 S60 V8,,2015,Volvo,#33 Wilson Security Racing GRM S60,V8 Supercars,Race,,
2015 Volvo S60 Polestar,Volvo S60 PS,,2015,Volvo,S60 Polestar,Sport Luxury,Factory,527,B
2014 Volvo #1 Volvo Polestar Racing S60 STCC,#1 Volvo S60,,2014,Volvo,#1 Volvo Polestar Racing S60 STCC,Forza Touring Cars,Race,751,S
2014 Volvo #13 Volvo Polestar Racing S60 STCC,#13 Volvo S60,,2014,Volvo,#13 Volvo Polestar Racing S60 STCC,Forza Touring Cars,Livery,751,S
2013 Volvo C30 Polestar,,,2013,Volvo,C30 Polestar,Hot Hatch,Factory,,
2011 Volvo S60 R-Design,,,2011,Volvo,S60 R-Design,Sedan,Factory,459,B
2009 Volvo C30 R-Design,,,2009,Volvo,C30 R-Design,Hatch,Factory,373,C
2004 Volvo #24 At-Speed S60 R,,,2004,Volvo,#24 At-Speed S60 R,GT3,Race,671,S
2004 Volvo S60 R,,,2004,Volvo,S60 R,Sedan,Factory,442,B
1972 Volvo 1800E,Volvo 1800E,,1972,Volvo,1800E,Vintage Sport Compact,Factory,245,E
1967 Volvo 123GT,Volvo 123GT,,1967,Volvo,123GT,Vintage Sport Compact,Factory,223,E
1964 Watson #1 Sheraton-Thompson Special Roadster,Watson Roadster,,1964,Watson,#1 Sheraton-Thompson Special Roadster,? none,Race,692,A
2011 Wiesmann GT MF5,,,2011,Wiesmann,GT MF5,Super,Factory,633,S
2010 Wiesmann GT MF5,,,2010,Wiesmann,GT MF5,Super,Factory,618,S
2022 Wuling Hongguang Mini EV Macaron,,,2022,Wuling,Hongguang Mini EV Macaron,Hot Hatch,Factory,,
